k	slot	pair	mass	p	kw
0	2	0	0	0	0
0	2	1	40388403271164319520317288095571509248	0.036815419709223711	1
0	2	2	35357086215491818999503303247286763520	0.032229201040187950	0
0	2	3	22438862825439120262845124976777887744	0.020453795788110241	0
0	2	4	0	0	0
0	2	5	46461826498645240684196942196904034304	0.042351554022092088	0
0	2	6	0	0	0
0	2	7	22438862825439120262845124976777887744	0.020453795788110241	0
0	2	8	46461826498645240684196942196904034304	0.042351554022092088	0
0	2	9	40388403271164319520317288095571509248	0.036815419709223711	0
0	2	10	45457348061940873756773442029996736512	0.041435937353914998	0
0	2	11	22438862825439120262845124976777887744	0.020453795788110241	0
0	2	12	35357086215491818999503303247286763520	0.032229201040187950	0
0	2	13	38890119675567130950408242407166443520	0.035449682642446990	0
0	2	14	38890119675567130950408242407166443520	0.035449682642446990	0
0	2	15	45457348061940873756773442029996736512	0.041435937353914998	0
0	2	16	35357086215491818999503303247286763520	0.032229201040187950	0
0	2	17	40388403271164319520317288095571509248	0.036815419709223711	0
0	2	18	35357086215491818999503303247286763520	0.032229201040187950	0
0	2	19	40388403271164319520317288095571509248	0.036815419709223711	0
0	2	20	45457348061940873756773442029996736512	0.041435937353914998	0
0	2	21	0	0	0
0	2	22	40388403271164319520317288095571509248	0.036815419709223711	0
0	2	23	45457348061940873756773442029996736512	0.041435937353914998	0
0	2	24	35357086215491818999503303247286763520	0.032229201040187950	0
0	2	25	40388403271164319520317288095571509248	0.036815419709223711	0
0	2	26	46461826498645240684196942196904034304	0.042351554022092088	0
0	2	27	45457348061940873756773442029996736512	0.041435937353914998	0
0	2	28	35357086215491818999503303247286763520	0.032229201040187950	0
0	2	29	45457348061940873756773442029996736512	0.041435937353914998	0
0	2	30	38890119675567130950408242407166443520	0.035449682642446990	0
0	2	31	46461826498645240684196942196904034304	0.042351554022092088	0
1	3	0	0	0	0
1	3	1	35232919149601068326077174656770506752	0.032116018485925041	0
1	3	2	35374610268674071056393587616768851968	0.032245174817823571	1
1	3	3	35401953049498654869831819448649515008	0.032270098703655747	0
1	3	4	36274169069673961134916599843688808448	0.033065153626829414	0
1	3	5	35196278156564132715981558840857985024	0.032082618959626347	0
1	3	6	36274169069673961134916599843688808448	0.033065153626829414	0
1	3	7	35401953049498654869831819448649515008	0.032270098703655747	0
1	3	8	35196278156564132715981558840857985024	0.032082618959626347	0
1	3	9	35232919149601068326077174656770506752	0.032116018485925041	0
1	3	10	35296998577633834417467127619573514240	0.032174429090125321	0
1	3	11	35401953049498654869831819448649515008	0.032270098703655747	0
1	3	12	35374610268674071056393587616768851968	0.032245174817823571	0
1	3	13	35270210609984522786104412859151679488	0.032150010935598509	0
1	3	14	35270210609984522786104412859151679488	0.032150010935598509	0
1	3	15	35296998577633834417467127619573514240	0.032174429090125321	0
1	3	16	35374610268674071056393587616768851968	0.032245174817823571	0
1	3	17	35232919149601068326077174656770506752	0.032116018485925041	0
1	3	18	35374610268674071056393587616768851968	0.032245174817823571	0
1	3	19	35232919149601068326077174656770506752	0.032116018485925041	0
1	3	20	35296998577633834417467127619573514240	0.032174429090125321	0
1	3	21	36274169069673961134916599843688808448	0.033065153626829414	0
1	3	22	35232919149601068326077174656770506752	0.032116018485925041	0
1	3	23	35296998577633834417467127619573514240	0.032174429090125321	0
1	3	24	35374610268674071056393587616768851968	0.032245174817823571	0
1	3	25	35232919149601068326077174656770506752	0.032116018485925041	0
1	3	26	35196278156564132715981558840857985024	0.032082618959626347	0
1	3	27	35296998577633834417467127619573514240	0.032174429090125321	0
1	3	28	35374610268674071056393587616768851968	0.032245174817823571	0
1	3	29	35296998577633834417467127619573514240	0.032174429090125321	0
1	3	30	35270210609984522786104412859151679488	0.032150010935598509	0
1	3	31	35196278156564132715981558840857985024	0.032082618959626347	0
2	4	0	0	0	0
2	4	1	36291310593142045755631255373828063232	0.033080778715464290	0
2	4	2	36454647006685741932413041772303745024	0.033229665478281768	0
2	4	3	34847038165772050276169248208136437760	0.031764274687535857	1
2	4	4	35638405403623379243867359858645270528	0.032485633162888772	0
2	4	5	33960456461773148568969018869598388224	0.030956124949104830	0
2	4	6	35638405403623379243867359858645270528	0.032485633162888772	0
2	4	7	34847038165772050276169248208136437760	0.031764274687535857	0
2	4	8	33960456461773148568969018869598388224	0.030956124949104830	0
2	4	9	36291310593142045755631255373828063232	0.033080778715464290	0
2	4	10	34054453262664684526143125869551943680	0.031041806268391272	0
2	4	11	34847038165772050276169248208136437760	0.031764274687535857	0
2	4	12	36454647006685741932413041772303745024	0.033229665478281768	0
2	4	13	36316885686316024638333877801245999104	0.033104091293160937	0
2	4	14	36316885686316024638333877801245999104	0.033104091293160937	0
2	4	15	34054453262664684526143125869551943680	0.031041806268391272	0
2	4	16	36454647006685741932413041772303745024	0.033229665478281768	0
2	4	17	36291310593142045755631255373828063232	0.033080778715464290	0
2	4	18	36454647006685741932413041772303745024	0.033229665478281768	0
2	4	19	36291310593142045755631255373828063232	0.033080778715464290	0
2	4	20	34054453262664684526143125869551943680	0.031041806268391272	0
2	4	21	35638405403623379243867359858645270528	0.032485633162888772	0
2	4	22	36291310593142045755631255373828063232	0.033080778715464290	0
2	4	23	34054453262664684526143125869551943680	0.031041806268391272	0
2	4	24	36454647006685741932413041772303745024	0.033229665478281768	0
2	4	25	36291310593142045755631255373828063232	0.033080778715464290	0
2	4	26	33960456461773148568969018869598388224	0.030956124949104830	0
2	4	27	34054453262664684526143125869551943680	0.031041806268391272	0
2	4	28	36454647006685741932413041772303745024	0.033229665478281768	0
2	4	29	34054453262664684526143125869551943680	0.031041806268391272	0
2	4	30	36316885686316024638333877801245999104	0.033104091293160937	0
2	4	31	33960456461773148568969018869598388224	0.030956124949104830	0
3	5	0	0	0	0
3	5	1	36652765527621407556976063289394462720	0.033410257329151610	0
3	5	2	36828714922480081130278205270363996160	0.033570641258563615	0
3	5	3	34566649092037575095570154776725291008	0.031508690396121566	0
3	5	4	35274387930854209978946953255953891328	0.032153818707350343	1
3	5	5	33625631365225635161229509798376505344	0.030650920349264191	0
3	5	6	35274387930854209978946953255953891328	0.032153818707350343	0
3	5	7	34566649092037575095570154776725291008	0.031508690396121566	0
3	5	8	33625631365225635161229509798376505344	0.030650920349264191	0
3	5	9	36652765527621407556976063289394462720	0.033410257329151610	0
3	5	10	33689540587546412607049519631125446656	0.030709175805099687	0
3	5	11	34566649092037575095570154776725291008	0.031508690396121566	0
3	5	12	36828714922480081130278205270363996160	0.033570641258563615	0
3	5	13	36666505344572162133939992913244061696	0.033422781645212678	0
3	5	14	36666505344572162133939992913244061696	0.033422781645212678	0
3	5	15	33689540587546412607049519631125446656	0.030709175805099687	0
3	5	16	36828714922480081130278205270363996160	0.033570641258563615	0
3	5	17	36652765527621407556976063289394462720	0.033410257329151610	0
3	5	18	36828714922480081130278205270363996160	0.033570641258563615	0
3	5	19	36652765527621407556976063289394462720	0.033410257329151610	0
3	5	20	33689540587546412607049519631125446656	0.030709175805099687	0
3	5	21	35274387930854209978946953255953891328	0.032153818707350343	0
3	5	22	36652765527621407556976063289394462720	0.033410257329151610	0
3	5	23	33689540587546412607049519631125446656	0.030709175805099687	0
3	5	24	36828714922480081130278205270363996160	0.033570641258563615	0
3	5	25	36652765527621407556976063289394462720	0.033410257329151610	0
3	5	26	33625631365225635161229509798376505344	0.030650920349264191	0
3	5	27	33689540587546412607049519631125446656	0.030709175805099687	0
3	5	28	36828714922480081130278205270363996160	0.033570641258563615	0
3	5	29	33689540587546412607049519631125446656	0.030709175805099687	0
3	5	30	36666505344572162133939992913244061696	0.033422781645212678	0
3	5	31	33625631365225635161229509798376505344	0.030650920349264191	0
4	6	0	0	0	0
4	6	1	36580780016771643402055185274239975424	0.033344640058344347	0
4	6	2	36755659574700930900284559798445277184	0.033504048794572523	0
4	6	3	34645224280916734709797066295886217216	0.031580314385262605	0
4	6	4	35363596276725799844915345517733478400	0.032235135185072377	0
4	6	5	33697008224694327158631607899778449408	0.030715982813388448	1
4	6	6	35363596276725799844915345517733478400	0.032235135185072377	0
4	6	7	34645224280916734709797066295886217216	0.031580314385262605	0
4	6	8	33697008224694327158631607899778449408	0.030715982813388448	0
4	6	9	36580780016771643402055185274239975424	0.033344640058344347	0
4	6	10	33748731753782685729337117600396607488	0.030763130590423489	0
4	6	11	34645224280916734709797066295886217216	0.031580314385262605	0
4	6	12	36755659574700930900284559798445277184	0.033504048794572523	0
4	6	13	36575252048648439182462409366038380544	0.033339601125133034	0
4	6	14	36575252048648439182462409366038380544	0.033339601125133034	0
4	6	15	33748731753782685729337117600396607488	0.030763130590423489	0
4	6	16	36755659574700930900284559798445277184	0.033504048794572523	0
4	6	17	36580780016771643402055185274239975424	0.033344640058344347	0
4	6	18	36755659574700930900284559798445277184	0.033504048794572523	0
4	6	19	36580780016771643402055185274239975424	0.033344640058344347	0
4	6	20	33748731753782685729337117600396607488	0.030763130590423489	0
4	6	21	35363596276725799844915345517733478400	0.032235135185072377	0
4	6	22	36580780016771643402055185274239975424	0.033344640058344347	0
4	6	23	33748731753782685729337117600396607488	0.030763130590423489	0
4	6	24	36755659574700930900284559798445277184	0.033504048794572523	0
4	6	25	36580780016771643402055185274239975424	0.033344640058344347	0
4	6	26	33697008224694327158631607899778449408	0.030715982813388448	0
4	6	27	33748731753782685729337117600396607488	0.030763130590423489	0
4	6	28	36755659574700930900284559798445277184	0.033504048794572523	0
4	6	29	33748731753782685729337117600396607488	0.030763130590423489	0
4	6	30	36575252048648439182462409366038380544	0.033339601125133034	0
4	6	31	33697008224694327158631607899778449408	0.030715982813388448	0
5	7	0	0	0	0
5	7	1	36508397744021458180191388154976010240	0.033278661125408711	0
5	7	2	36682572821379154263453980321331019776	0.033437427703348380	0
5	7	3	34713065707446263246737176804298063872	0.031642154180576827	0
5	7	4	35430757237361451691925153166560067584	0.032296354712303390	0
5	7	5	33764471904262137985993431659765563392	0.030777478279345400	0
5	7	6	35430757237361451691925153166560067584	0.032296354712303390	1
5	7	7	34713065707446263246737176804298063872	0.031642154180576827	0
5	7	8	33764471904262137985993431659765563392	0.030777478279345400	0
5	7	9	36508397744021458180191388154976010240	0.033278661125408711	0
5	7	10	33816800603383210318918880687685632000	0.030825177689694594	0
5	7	11	34713065707446263246737176804298063872	0.031642154180576827	0
5	7	12	36682572821379154263453980321331019776	0.033437427703348380	0
5	7	13	36505098441669052233588619880328855552	0.033275653697755879	0
5	7	14	36505098441669052233588619880328855552	0.033275653697755879	0
5	7	15	33816800603383210318918880687685632000	0.030825177689694594	0
5	7	16	36682572821379154263453980321331019776	0.033437427703348380	0
5	7	17	36508397744021458180191388154976010240	0.033278661125408711	0
5	7	18	36682572821379154263453980321331019776	0.033437427703348380	0
5	7	19	36508397744021458180191388154976010240	0.033278661125408711	0
5	7	20	33816800603383210318918880687685632000	0.030825177689694594	0
5	7	21	35430757237361451691925153166560067584	0.032296354712303390	0
5	7	22	36508397744021458180191388154976010240	0.033278661125408711	0
5	7	23	33816800603383210318918880687685632000	0.030825177689694594	0
5	7	24	36682572821379154263453980321331019776	0.033437427703348380	0
5	7	25	36508397744021458180191388154976010240	0.033278661125408711	0
5	7	26	33764471904262137985993431659765563392	0.030777478279345400	0
5	7	27	33816800603383210318918880687685632000	0.030825177689694594	0
5	7	28	36682572821379154263453980321331019776	0.033437427703348380	0
5	7	29	33816800603383210318918880687685632000	0.030825177689694594	0
5	7	30	36505098441669052233588619880328855552	0.033275653697755879	0
5	7	31	33764471904262137985993431659765563392	0.030777478279345400	0
6	8	0	0	0	0
6	8	1	36514742501513370115954460316407955456	0.033284444590242656	0
6	8	2	36688703136665059214542815782598868992	0.033443015696730668	0
6	8	3	34705126701363276521837482110709923840	0.031634917503279711	0
6	8	4	35420798959703587191933471102383161344	0.032287277399464509	0
6	8	5	33758775480050837691242833678713225216	0.030772285792611702	0
6	8	6	35420798959703587191933471102383161344	0.032287277399464509	0
6	8	7	34705126701363276521837482110709923840	0.031634917503279711	1
6	8	8	33758775480050837691242833678713225216	0.030772285792611702	0
6	8	9	36514742501513370115954460316407955456	0.033284444590242656	0
6	8	10	33812651800951938220590863333812338688	0.030821395913480950	0
6	8	11	34705126701363276521837482110709923840	0.031634917503279711	0
6	8	12	36688703136665059214542815782598868992	0.033443015696730668	0
6	8	13	36513938416998547607766346741844017152	0.033283711639531629	0
6	8	14	36513938416998547607766346741844017152	0.033283711639531629	0
6	8	15	33812651800951938220590863333812338688	0.030821395913480950	0
6	8	16	36688703136665059214542815782598868992	0.033443015696730668	0
6	8	17	36514742501513370115954460316407955456	0.033284444590242656	0
6	8	18	36688703136665059214542815782598868992	0.033443015696730668	0
6	8	19	36514742501513370115954460316407955456	0.033284444590242656	0
6	8	20	33812651800951938220590863333812338688	0.030821395913480950	0
6	8	21	35420798959703587191933471102383161344	0.032287277399464509	0
6	8	22	36514742501513370115954460316407955456	0.033284444590242656	0
6	8	23	33812651800951938220590863333812338688	0.030821395913480950	0
6	8	24	36688703136665059214542815782598868992	0.033443015696730668	0
6	8	25	36514742501513370115954460316407955456	0.033284444590242656	0
6	8	26	33758775480050837691242833678713225216	0.030772285792611702	0
6	8	27	33812651800951938220590863333812338688	0.030821395913480950	0
6	8	28	36688703136665059214542815782598868992	0.033443015696730668	0
6	8	29	33812651800951938220590863333812338688	0.030821395913480950	0
6	8	30	36513938416998547607766346741844017152	0.033283711639531629	0
6	8	31	33758775480050837691242833678713225216	0.030772285792611702	0
7	9	0	0	0	0
7	9	1	36535931217745513370914186308184178688	0.033303758834382210	0
7	9	2	36709990583095457451785951568096919552	0.033462419936844124	0
7	9	3	34685012921671487577717263678099161088	0.031616583100794907	0
7	9	4	35400485124209572495787055854840709120	0.032268760639230260	0
7	9	5	33739218228729143679878971986309808128	0.030754458684891377	0
7	9	6	35400485124209572495787055854840709120	0.032268760639230260	0
7	9	7	34685012921671487577717263678099161088	0.031616583100794907	0
7	9	8	33739218228729143679878971986309808128	0.030754458684891377	1
7	9	9	36535931217745513370914186308184178688	0.033303758834382210	0
7	9	10	33793029106350349303213741702997606400	0.030803509151958511	0
7	9	11	34685012921671487577717263678099161088	0.031616583100794907	0
7	9	12	36709990583095457451785951568096919552	0.033462419936844124	0
7	9	13	36534735431158038113533315718949371904	0.033302668833749974	0
7	9	14	36534735431158038113533315718949371904	0.033302668833749974	0
7	9	15	33793029106350349303213741702997606400	0.030803509151958511	0
7	9	16	36709990583095457451785951568096919552	0.033462419936844124	0
7	9	17	36535931217745513370914186308184178688	0.033303758834382210	0
7	9	18	36709990583095457451785951568096919552	0.033462419936844124	0
7	9	19	36535931217745513370914186308184178688	0.033303758834382210	0
7	9	20	33793029106350349303213741702997606400	0.030803509151958511	0
7	9	21	35400485124209572495787055854840709120	0.032268760639230260	0
7	9	22	36535931217745513370914186308184178688	0.033303758834382210	0
7	9	23	33793029106350349303213741702997606400	0.030803509151958511	0
7	9	24	36709990583095457451785951568096919552	0.033462419936844124	0
7	9	25	36535931217745513370914186308184178688	0.033303758834382210	0
7	9	26	33739218228729143679878971986309808128	0.030754458684891377	0
7	9	27	33793029106350349303213741702997606400	0.030803509151958511	0
7	9	28	36709990583095457451785951568096919552	0.033462419936844124	0
7	9	29	33793029106350349303213741702997606400	0.030803509151958511	0
7	9	30	36534735431158038113533315718949371904	0.033302668833749974	0
7	9	31	33739218228729143679878971986309808128	0.030754458684891377	0
8	10	0	0	0	0
8	10	1	36536888665890267432348688038710738944	0.033304631581320539	0
8	10	2	36711024324303489299039211015546339328	0.033463362227535560	0
8	10	3	34684569399120733631543844294881705984	0.031616178814724302	0
8	10	4	35400571589395527533023059487503155200	0.032268839455223302	0
8	10	5	33738211948899239603886146321964859392	0.030753541426191297	0
8	10	6	35400571589395527533023059487503155200	0.032268839455223302	0
8	10	7	34684569399120733631543844294881705984	0.031616178814724302	0
8	10	8	33738211948899239603886146321964859392	0.030753541426191297	0
8	10	9	36536888665890267432348688038710738944	0.033304631581320539	1
8	10	10	33791702122349613871268191668845150208	0.030802299560368408	0
8	10	11	34684569399120733631543844294881705984	0.031616178814724302	0
8	10	12	36711024324303489299039211015546339328	0.033463362227535560	0
8	10	13	36535105784258608170310076734317264896	0.033303006423348319	0
8	10	14	36535105784258608170310076734317264896	0.033303006423348319	0
8	10	15	33791702122349613871268191668845150208	0.030802299560368408	0
8	10	16	36711024324303489299039211015546339328	0.033463362227535560	0
8	10	17	36536888665890267432348688038710738944	0.033304631581320539	0
8	10	18	36711024324303489299039211015546339328	0.033463362227535560	0
8	10	19	36536888665890267432348688038710738944	0.033304631581320539	0
8	10	20	33791702122349613871268191668845150208	0.030802299560368408	0
8	10	21	35400571589395527533023059487503155200	0.032268839455223302	0
8	10	22	36536888665890267432348688038710738944	0.033304631581320539	0
8	10	23	33791702122349613871268191668845150208	0.030802299560368408	0
8	10	24	36711024324303489299039211015546339328	0.033463362227535560	0
8	10	25	36536888665890267432348688038710738944	0.033304631581320539	0
8	10	26	33738211948899239603886146321964859392	0.030753541426191297	0
8	10	27	33791702122349613871268191668845150208	0.030802299560368408	0
8	10	28	36711024324303489299039211015546339328	0.033463362227535560	0
8	10	29	33791702122349613871268191668845150208	0.030802299560368408	0
8	10	30	36535105784258608170310076734317264896	0.033303006423348319	0
8	10	31	33738211948899239603886146321964859392	0.030753541426191297	0
9	11	0	0	0	0
9	11	1	36528129142391650004400246831375187968	0.033296646974157704	0
9	11	2	36702233990759487155975628110811365376	0.033455349535955907	0
9	11	3	34692938212164645702605566821121654784	0.031623807275859819	0
9	11	4	35409131222166106331118191479394140160	0.032276641855107495	0
9	11	5	33746241317174481035178338500161306624	0.030760860471736828	0
9	11	6	35409131222166106331118191479394140160	0.032276641855107495	0
9	11	7	34692938212164645702605566821121654784	0.031623807275859819	0
9	11	8	33746241317174481035178338500161306624	0.030760860471736828	0
9	11	9	36528129142391650004400246831375187968	0.033296646974157704	0
9	11	10	33799742646234739073439069839389884416	0.030809628774636313	1
9	11	11	34692938212164645702605566821121654784	0.031623807275859819	0
9	11	12	36702233990759487155975628110811365376	0.033455349535955907	0
9	11	13	36526490180392117463779257861642649600	0.033295153003883734	0
9	11	14	36526490180392117463779257861642649600	0.033295153003883734	0
9	11	15	33799742646234739073439069839389884416	0.030809628774636313	0
9	11	16	36702233990759487155975628110811365376	0.033455349535955907	0
9	11	17	36528129142391650004400246831375187968	0.033296646974157704	0
9	11	18	36702233990759487155975628110811365376	0.033455349535955907	0
9	11	19	36528129142391650004400246831375187968	0.033296646974157704	0
9	11	20	33799742646234739073439069839389884416	0.030809628774636313	0
9	11	21	35409131222166106331118191479394140160	0.032276641855107495	0
9	11	22	36528129142391650004400246831375187968	0.033296646974157704	0
9	11	23	33799742646234739073439069839389884416	0.030809628774636313	0
9	11	24	36702233990759487155975628110811365376	0.033455349535955907	0
9	11	25	36528129142391650004400246831375187968	0.033296646974157704	0
9	11	26	33746241317174481035178338500161306624	0.030760860471736828	0
9	11	27	33799742646234739073439069839389884416	0.030809628774636313	0
9	11	28	36702233990759487155975628110811365376	0.033455349535955907	0
9	11	29	33799742646234739073439069839389884416	0.030809628774636313	0
9	11	30	36526490180392117463779257861642649600	0.033295153003883734	0
9	11	31	33746241317174481035178338500161306624	0.030760860471736828	0
10	12	0	0	0	0
10	12	1	36526155002161827615576443586315550720	0.033294847477390332	0
10	12	2	36700220630265737978227631240934064128	0.033453514288568044	0
10	12	3	34694658029544994622984801867472568320	0.031625374948596363	0
10	12	4	35410662719319410703329471751827488768	0.032278037867475299	0
10	12	5	33748140233164423211950872140151521280	0.030762591399020408	0
10	12	6	35410662719319410703329471751827488768	0.032278037867475299	0
10	12	7	34694658029544994622984801867472568320	0.031625374948596363	0
10	12	8	33748140233164423211950872140151521280	0.030762591399020408	0
10	12	9	36526155002161827615576443586315550720	0.033294847477390332	0
10	12	10	33801725766552259895002769905773707264	0.030811436457062707	0
10	12	11	34694658029544994622984801867472568320	0.031625374948596363	1
10	12	12	36700220630265737978227631240934064128	0.033453514288568044	0
10	12	13	36524715738683976092174897786644332544	0.033293535539192293	0
10	12	14	36524715738683976092174897786644332544	0.033293535539192293	0
10	12	15	33801725766552259895002769905773707264	0.030811436457062707	0
10	12	16	36700220630265737978227631240934064128	0.033453514288568044	0
10	12	17	36526155002161827615576443586315550720	0.033294847477390332	0
10	12	18	36700220630265737978227631240934064128	0.033453514288568044	0
10	12	19	36526155002161827615576443586315550720	0.033294847477390332	0
10	12	20	33801725766552259895002769905773707264	0.030811436457062707	0
10	12	21	35410662719319410703329471751827488768	0.032278037867475299	0
10	12	22	36526155002161827615576443586315550720	0.033294847477390332	0
10	12	23	33801725766552259895002769905773707264	0.030811436457062707	0
10	12	24	36700220630265737978227631240934064128	0.033453514288568044	0
10	12	25	36526155002161827615576443586315550720	0.033294847477390332	0
10	12	26	33748140233164423211950872140151521280	0.030762591399020408	0
10	12	27	33801725766552259895002769905773707264	0.030811436457062707	0
10	12	28	36700220630265737978227631240934064128	0.033453514288568044	0
10	12	29	33801725766552259895002769905773707264	0.030811436457062707	0
10	12	30	36524715738683976092174897786644332544	0.033293535539192293	0
10	12	31	33748140233164423211950872140151521280	0.030762591399020408	0
11	13	0	0	0	0
11	13	1	36531170963109289763246994206882267136	0.033299419698438193	0
11	13	2	36705249428037533009423422189847707648	0.033458098210823114	0
11	13	3	34689858523521172671679426239512182784	0.031621000033661558	0
11	13	4	35405715815889793111854374359890132992	0.032273528594731843	0
11	13	5	33743576322726733516998565185919647744	0.030758431237571321	0
11	13	6	35405715815889793111854374359890132992	0.032273528594731843	0
11	13	7	34689858523521172671679426239512182784	0.031621000033661558	0
11	13	8	33743576322726733516998565185919647744	0.030758431237571321	0
11	13	9	36531170963109289763246994206882267136	0.033299419698438193	0
11	13	10	33797153172464429335601112011356766208	0.030807268380167635	0
11	13	11	34689858523521172671679426239512182784	0.031621000033661558	0
11	13	12	36705249428037533009423422189847707648	0.033458098210823114	1
11	13	13	36529603032791481989295746062057734144	0.033297990475986952	0
11	13	14	36529603032791481989295746062057734144	0.033297990475986952	0
11	13	15	33797153172464429335601112011356766208	0.030807268380167635	0
11	13	16	36705249428037533009423422189847707648	0.033458098210823114	0
11	13	17	36531170963109289763246994206882267136	0.033299419698438193	0
11	13	18	36705249428037533009423422189847707648	0.033458098210823114	0
11	13	19	36531170963109289763246994206882267136	0.033299419698438193	0
11	13	20	33797153172464429335601112011356766208	0.030807268380167635	0
11	13	21	35405715815889793111854374359890132992	0.032273528594731843	0
11	13	22	36531170963109289763246994206882267136	0.033299419698438193	0
11	13	23	33797153172464429335601112011356766208	0.030807268380167635	0
11	13	24	36705249428037533009423422189847707648	0.033458098210823114	0
11	13	25	36531170963109289763246994206882267136	0.033299419698438193	0
11	13	26	33743576322726733516998565185919647744	0.030758431237571321	0
11	13	27	33797153172464429335601112011356766208	0.030807268380167635	0
11	13	28	36705249428037533009423422189847707648	0.033458098210823114	0
11	13	29	33797153172464429335601112011356766208	0.030807268380167635	0
11	13	30	36529603032791481989295746062057734144	0.033297990475986952	0
11	13	31	33743576322726733516998565185919647744	0.030758431237571321	0
12	14	0	0	0	0
12	14	1	36533709862380633664176393253836816384	0.033301733992510341	0
12	14	2	36707819278759998513444319069686202368	0.033460440718208277	0
12	14	3	34687503151539191974695754309556502528	0.031618853031030487	0
12	14	4	35403445379020829253758061991487340544	0.032271459013379666	0
12	14	5	33741162732523185506224017097887842304	0.030756231167027480	0
12	14	6	35403445379020829253758061991487340544	0.032271459013379666	0
12	14	7	34687503151539191974695754309556502528	0.031618853031030487	0
12	14	8	33741162732523185506224017097887842304	0.030756231167027480	0
12	14	9	36533709862380633664176393253836816384	0.033301733992510341	0
12	14	10	33794734854002574519627463576220336128	0.030805063999653605	0
12	14	11	34687503151539191974695754309556502528	0.031618853031030487	0
12	14	12	36707819278759998513444319069686202368	0.033460440718208277	0
12	14	13	36532066098849914714121832827812052992	0.033300235645475430	1
12	14	14	36532066098849914714121832827812052992	0.033300235645475430	0
12	14	15	33794734854002574519627463576220336128	0.030805063999653605	0
12	14	16	36707819278759998513444319069686202368	0.033460440718208277	0
12	14	17	36533709862380633664176393253836816384	0.033301733992510341	0
12	14	18	36707819278759998513444319069686202368	0.033460440718208277	0
12	14	19	36533709862380633664176393253836816384	0.033301733992510341	0
12	14	20	33794734854002574519627463576220336128	0.030805063999653605	0
12	14	21	35403445379020829253758061991487340544	0.032271459013379666	0
12	14	22	36533709862380633664176393253836816384	0.033301733992510341	0
12	14	23	33794734854002574519627463576220336128	0.030805063999653605	0
12	14	24	36707819278759998513444319069686202368	0.033460440718208277	0
12	14	25	36533709862380633664176393253836816384	0.033301733992510341	0
12	14	26	33741162732523185506224017097887842304	0.030756231167027480	0
12	14	27	33794734854002574519627463576220336128	0.030805063999653605	0
12	14	28	36707819278759998513444319069686202368	0.033460440718208277	0
12	14	29	33794734854002574519627463576220336128	0.030805063999653605	0
12	14	30	36532066098849914714121832827812052992	0.033300235645475430	0
12	14	31	33741162732523185506224017097887842304	0.030756231167027480	0
13	15	0	0	0	0
13	15	1	36529546394945485004877783112540487680	0.033297938848640909	0
13	15	2	36703651903440467241535515539960496128	0.033456642012167725	0
13	15	3	34691458364645597794800248020214480896	0.031622458343911368	0
13	15	4	35407543708590500809979868418746089472	0.032275194781842736	0
13	15	5	33744905537283100186195145786586562560	0.030759642862389656	0
13	15	6	35407543708590500809979868418746089472	0.032275194781842736	0
13	15	7	34691458364645597794800248020214480896	0.031622458343911368	0
13	15	8	33744905537283100186195145786586562560	0.030759642862389656	0
13	15	9	36529546394945485004877783112540487680	0.033297938848640909	0
13	15	10	33798486527273026717684473503878742016	0.030808483778968381	0
13	15	11	34691458364645597794800248020214480896	0.031622458343911368	0
13	15	12	36703651903440467241535515539960496128	0.033456642012167725	0
13	15	13	36528180488795739897468168591690956800	0.033296693778172323	0
13	15	14	36528180488795739897468168591690956800	0.033296693778172323	1
13	15	15	33798486527273026717684473503878742016	0.030808483778968381	0
13	15	16	36703651903440467241535515539960496128	0.033456642012167725	0
13	15	17	36529546394945485004877783112540487680	0.033297938848640909	0
13	15	18	36703651903440467241535515539960496128	0.033456642012167725	0
13	15	19	36529546394945485004877783112540487680	0.033297938848640909	0
13	15	20	33798486527273026717684473503878742016	0.030808483778968381	0
13	15	21	35407543708590500809979868418746089472	0.032275194781842736	0
13	15	22	36529546394945485004877783112540487680	0.033297938848640909	0
13	15	23	33798486527273026717684473503878742016	0.030808483778968381	0
13	15	24	36703651903440467241535515539960496128	0.033456642012167725	0
13	15	25	36529546394945485004877783112540487680	0.033297938848640909	0
13	15	26	33744905537283100186195145786586562560	0.030759642862389656	0
13	15	27	33798486527273026717684473503878742016	0.030808483778968381	0
13	15	28	36703651903440467241535515539960496128	0.033456642012167725	0
13	15	29	33798486527273026717684473503878742016	0.030808483778968381	0
13	15	30	36528180488795739897468168591690956800	0.033296693778172323	0
13	15	31	33744905537283100186195145786586562560	0.030759642862389656	0
14	16	0	0	0	0
14	16	1	36524645205821103168597579105366966272	0.033293471246060115	0
14	16	2	36698693851064692772950683009374748672	0.033452122576776112	0
14	16	3	34696215669441174222820642724599300096	0.031626794790974104	0
14	16	4	35412254921177276420680852576270811136	0.032279489214270704	0
14	16	5	33749644787442136842838149442172878848	0.030763962852029764	0
14	16	6	35412254921177276420680852576270811136	0.032279489214270704	0
14	16	7	34696215669441174222820642724599300096	0.031626794790974104	0
14	16	8	33749644787442136842838149442172878848	0.030763962852029764	0
14	16	9	36524645205821103168597579105366966272	0.033293471246060115	0
14	16	10	33803110197913402577934653406038196224	0.030812698413899101	0
14	16	11	34696215669441174222820642724599300096	0.031626794790974104	0
14	16	12	36698693851064692772950683009374748672	0.033452122576776112	0
14	16	13	36522864112920899872452498126865956864	0.033291847718578183	0
14	16	14	36522864112920899872452498126865956864	0.033291847718578183	0
14	16	15	33803110197913402577934653406038196224	0.030812698413899101	1
14	16	16	36698693851064692772950683009374748672	0.033452122576776112	0
14	16	17	36524645205821103168597579105366966272	0.033293471246060115	0
14	16	18	36698693851064692772950683009374748672	0.033452122576776112	0
14	16	19	36524645205821103168597579105366966272	0.033293471246060115	0
14	16	20	33803110197913402577934653406038196224	0.030812698413899101	0
14	16	21	35412254921177276420680852576270811136	0.032279489214270704	0
14	16	22	36524645205821103168597579105366966272	0.033293471246060115	0
14	16	23	33803110197913402577934653406038196224	0.030812698413899101	0
14	16	24	36698693851064692772950683009374748672	0.033452122576776112	0
14	16	25	36524645205821103168597579105366966272	0.033293471246060115	0
14	16	26	33749644787442136842838149442172878848	0.030763962852029764	0
14	16	27	33803110197913402577934653406038196224	0.030812698413899101	0
14	16	28	36698693851064692772950683009374748672	0.033452122576776112	0
14	16	29	33803110197913402577934653406038196224	0.030812698413899101	0
14	16	30	36522864112920899872452498126865956864	0.033291847718578183	0
14	16	31	33749644787442136842838149442172878848	0.030763962852029764	0
15	17	0	0	0	0
15	17	1	36535893464801140250746601669626691584	0.033303724421273996	0
15	17	2	36710004955112035667116650089923739648	0.033462433037431905	0
15	17	3	34685274652851750893169205302533816320	0.031616821677774237	0
15	17	4	35401072306794307045077015439166930944	0.032269295876366470	0
15	17	5	33739100506922449314715810424086855680	0.030754351377412711	0
15	17	6	35401072306794307045077015439166930944	0.032269295876366470	0
15	17	7	34685274652851750893169205302533816320	0.031616821677774237	0
15	17	8	33739100506922449314715810424086855680	0.030754351377412711	0
15	17	9	36535893464801140250746601669626691584	0.033303724421273996	0
15	17	10	33792830137282211985996358858881630208	0.030803327784804592	0
15	17	11	34685274652851750893169205302533816320	0.031616821677774237	0
15	17	12	36710004955112035667116650089923739648	0.033462433037431905	0
15	17	13	36534488179793830513117501181512384512	0.033302443455621359	0
15	17	14	36534488179793830513117501181512384512	0.033302443455621359	0
15	17	15	33792830137282211985996358858881630208	0.030803327784804592	0
15	17	16	36710004955112035667116650089923739648	0.033462433037431905	1
15	17	17	36535893464801140250746601669626691584	0.033303724421273996	0
15	17	18	36710004955112035667116650089923739648	0.033462433037431905	0
15	17	19	36535893464801140250746601669626691584	0.033303724421273996	0
15	17	20	33792830137282211985996358858881630208	0.030803327784804592	0
15	17	21	35401072306794307045077015439166930944	0.032269295876366470	0
15	17	22	36535893464801140250746601669626691584	0.033303724421273996	0
15	17	23	33792830137282211985996358858881630208	0.030803327784804592	0
15	17	24	36710004955112035667116650089923739648	0.033462433037431905	0
15	17	25	36535893464801140250746601669626691584	0.033303724421273996	0
15	17	26	33739100506922449314715810424086855680	0.030754351377412711	0
15	17	27	33792830137282211985996358858881630208	0.030803327784804592	0
15	17	28	36710004955112035667116650089923739648	0.033462433037431905	0
15	17	29	33792830137282211985996358858881630208	0.030803327784804592	0
15	17	30	36534488179793830513117501181512384512	0.033302443455621359	0
15	17	31	33739100506922449314715810424086855680	0.030754351377412711	0
16	18	0	0	0	0
16	18	1	36530627971808046346408083448009850880	0.033298924743177904	0
16	18	2	36704731477491730881903779911412219904	0.033457626081073287	0
16	18	3	34690507603270427672301554526410244096	0.031621591692193665	0
16	18	4	35406554443280806685464614942421811200	0.032274293032463449	0
16	18	5	33744030830402225132203559885546717184	0.030758845536961222	0
16	18	6	35406554443280806685464614942421811200	0.032274293032463449	0
16	18	7	34690507603270427672301554526410244096	0.031621591692193665	0
16	18	8	33744030830402225132203559885546717184	0.030758845536961222	0
16	18	9	36530627971808046346408083448009850880	0.033298924743177904	0
16	18	10	33797443074212655836783768844437553152	0.030807532635589266	0
16	18	11	34690507603270427672301554526410244096	0.031621591692193665	0
16	18	12	36704731477491730881903779911412219904	0.033457626081073287	0
16	18	13	36529051395614862681141843334912802816	0.033297487639713676	0
16	18	14	36529051395614862681141843334912802816	0.033297487639713676	0
16	18	15	33797443074212655836783768844437553152	0.030807532635589266	0
16	18	16	36704731477491730881903779911412219904	0.033457626081073287	0
16	18	17	36530627971808046346408083448009850880	0.033298924743177904	1
16	18	18	36704731477491730881903779911412219904	0.033457626081073287	0
16	18	19	36530627971808046346408083448009850880	0.033298924743177904	0
16	18	20	33797443074212655836783768844437553152	0.030807532635589266	0
16	18	21	35406554443280806685464614942421811200	0.032274293032463449	0
16	18	22	36530627971808046346408083448009850880	0.033298924743177904	0
16	18	23	33797443074212655836783768844437553152	0.030807532635589266	0
16	18	24	36704731477491730881903779911412219904	0.033457626081073287	0
16	18	25	36530627971808046346408083448009850880	0.033298924743177904	0
16	18	26	33744030830402225132203559885546717184	0.030758845536961222	0
16	18	27	33797443074212655836783768844437553152	0.030807532635589266	0
16	18	28	36704731477491730881903779911412219904	0.033457626081073287	0
16	18	29	33797443074212655836783768844437553152	0.030807532635589266	0
16	18	30	36529051395614862681141843334912802816	0.033297487639713676	0
16	18	31	33744030830402225132203559885546717184	0.030758845536961222	0
17	19	0	0	0	0
17	19	1	36526650827121024614945773957247139840	0.033295299438906429	0
17	19	2	36700726673790907880877688119258775552	0.033453975564658737	0
17	19	3	34694217924494838944217896618795991040	0.031624973777695180	0
17	19	4	35410299919939600835555025999877373952	0.032277707163353418	0
17	19	5	33747638131639843117763468069115002880	0.030762133716198932	0
17	19	6	35410299919939600835555025999877373952	0.032277707163353418	0
17	19	7	34694217924494838944217896618795991040	0.031624973777695180	0
17	19	8	33747638131639843117763468069115002880	0.030762133716198932	0
17	19	9	36526650827121024614945773957247139840	0.033295299438906429	0
17	19	10	33801279470903999899294698399511085056	0.030811029643218278	0
17	19	11	34694217924494838944217896618795991040	0.031624973777695180	0
17	19	12	36700726673790907880877688119258775552	0.033453975564658737	0
17	19	13	36525076966141167951676822729332359168	0.033293864810452603	0
17	19	14	36525076966141167951676822729332359168	0.033293864810452603	0
17	19	15	33801279470903999899294698399511085056	0.030811029643218278	0
17	19	16	36700726673790907880877688119258775552	0.033453975564658737	0
17	19	17	36526650827121024614945773957247139840	0.033295299438906429	0
17	19	18	36700726673790907880877688119258775552	0.033453975564658737	1
17	19	19	36526650827121024614945773957247139840	0.033295299438906429	0
17	19	20	33801279470903999899294698399511085056	0.030811029643218278	0
17	19	21	35410299919939600835555025999877373952	0.032277707163353418	0
17	19	22	36526650827121024614945773957247139840	0.033295299438906429	0
17	19	23	33801279470903999899294698399511085056	0.030811029643218278	0
17	19	24	36700726673790907880877688119258775552	0.033453975564658737	0
17	19	25	36526650827121024614945773957247139840	0.033295299438906429	0
17	19	26	33747638131639843117763468069115002880	0.030762133716198932	0
17	19	27	33801279470903999899294698399511085056	0.030811029643218278	0
17	19	28	36700726673790907880877688119258775552	0.033453975564658737	0
17	19	29	33801279470903999899294698399511085056	0.030811029643218278	0
17	19	30	36525076966141167951676822729332359168	0.033293864810452603	0
17	19	31	33747638131639843117763468069115002880	0.030762133716198932	0
18	20	0	0	0	0
18	20	1	36529403405636348616571912629852307456	0.033297808508964086	0
18	20	2	36703479362960897949168927861988917248	0.033456484735581931	0
18	20	3	34691584319698453774981165623343579136	0.031622573156277290	0
18	20	4	35407520078996299476714380084934344704	0.032275173242654315	0
18	20	5	33745157613525049928990067209555410944	0.030759872638560400	0
18	20	6	35407520078996299476714380084934344704	0.032275173242654315	0
18	20	7	34691584319698453774981165623343579136	0.031622573156277290	0
18	20	8	33745157613525049928990067209555410944	0.030759872638560400	0
18	20	9	36529403405636348616571912629852307456	0.033297808508964086	0
18	20	10	33798752475828130137245918088819376128	0.030808726200230036	0
18	20	11	34691584319698453774981165623343579136	0.031622573156277290	0
18	20	12	36703479362960897949168927861988917248	0.033456484735581931	0
18	20	13	36527841224148356782381537909853388800	0.033296384526769091	0
18	20	14	36527841224148356782381537909853388800	0.033296384526769091	0
18	20	15	33798752475828130137245918088819376128	0.030808726200230036	0
18	20	16	36703479362960897949168927861988917248	0.033456484735581931	0
18	20	17	36529403405636348616571912629852307456	0.033297808508964086	0
18	20	18	36703479362960897949168927861988917248	0.033456484735581931	0
18	20	19	36529403405636348616571912629852307456	0.033297808508964086	1
18	20	20	33798752475828130137245918088819376128	0.030808726200230036	0
18	20	21	35407520078996299476714380084934344704	0.032275173242654315	0
18	20	22	36529403405636348616571912629852307456	0.033297808508964086	0
18	20	23	33798752475828130137245918088819376128	0.030808726200230036	0
18	20	24	36703479362960897949168927861988917248	0.033456484735581931	0
18	20	25	36529403405636348616571912629852307456	0.033297808508964086	0
18	20	26	33745157613525049928990067209555410944	0.030759872638560400	0
18	20	27	33798752475828130137245918088819376128	0.030808726200230036	0
18	20	28	36703479362960897949168927861988917248	0.033456484735581931	0
18	20	29	33798752475828130137245918088819376128	0.030808726200230036	0
18	20	30	36527841224148356782381537909853388800	0.033296384526769091	0
18	20	31	33745157613525049928990067209555410944	0.030759872638560400	0
19	21	0	0	0	0
19	21	1	36534300554275134481469074465337901056	0.033302272428503189	0
19	21	2	36708405530177266523477132335672983552	0.033460975106553291	0
19	21	3	34686942244850808494582166722333638656	0.031618341745278190	0
19	21	4	35402804069960687582558917788203220992	0.032270874438098144	0
19	21	5	33740688041015239969817167807429214208	0.030755798469379591	0
19	21	6	35402804069960687582558917788203220992	0.032270874438098144	0
19	21	7	34686942244850808494582166722333638656	0.031618341745278190	0
19	21	8	33740688041015239969817167807429214208	0.030755798469379591	0
19	21	9	36534300554275134481469074465337901056	0.033302272428503189	0
19	21	10	33794146347676728585455014793727967232	0.030804527555881810	0
19	21	11	34686942244850808494582166722333638656	0.031618341745278190	0
19	21	12	36708405530177266523477132335672983552	0.033460975106553291	0
19	21	13	36532724362637188127670938948939546624	0.033300835675574296	0
19	21	14	36532724362637188127670938948939546624	0.033300835675574296	0
19	21	15	33794146347676728585455014793727967232	0.030804527555881810	0
19	21	16	36708405530177266523477132335672983552	0.033460975106553291	0
19	21	17	36534300554275134481469074465337901056	0.033302272428503189	0
19	21	18	36708405530177266523477132335672983552	0.033460975106553291	0
19	21	19	36534300554275134481469074465337901056	0.033302272428503189	0
19	21	20	33794146347676728585455014793727967232	0.030804527555881810	1
19	21	21	35402804069960687582558917788203220992	0.032270874438098144	0
19	21	22	36534300554275134481469074465337901056	0.033302272428503189	0
19	21	23	33794146347676728585455014793727967232	0.030804527555881810	0
19	21	24	36708405530177266523477132335672983552	0.033460975106553291	0
19	21	25	36534300554275134481469074465337901056	0.033302272428503189	0
19	21	26	33740688041015239969817167807429214208	0.030755798469379591	0
19	21	27	33794146347676728585455014793727967232	0.030804527555881810	0
19	21	28	36708405530177266523477132335672983552	0.033460975106553291	0
19	21	29	33794146347676728585455014793727967232	0.030804527555881810	0
19	21	30	36532724362637188127670938948939546624	0.033300835675574296	0
19	21	31	33740688041015239969817167807429214208	0.030755798469379591	0
20	22	0	0	0	0
20	22	1	36532001291696223551960610684223356928	0.033300176571524244	0
20	22	2	36706113628877898523627288077964148736	0.033458885959634017	0
20	22	3	34689091082992496980441868476492021760	0.031620300485205152	0
20	22	4	35405105276764134028636137348244963328	0.032272972067304672	0
20	22	5	33742689064699029919778476462636007424	0.030757622471340555	0
20	22	6	35405105276764134028636137348244963328	0.032272972067304672	0
20	22	7	34689091082992496980441868476492021760	0.031620300485205152	0
20	22	8	33742689064699029919778476462636007424	0.030757622471340555	0
20	22	9	36532001291696223551960610684223356928	0.033300176571524244	0
20	22	10	33796285520900824532274239071093522432	0.030806477485903730	0
20	22	11	34689091082992496980441868476492021760	0.031620300485205152	0
20	22	12	36706113628877898523627288077964148736	0.033458885959634017	0
20	22	13	36530510267422032560863773617379344384	0.033298817451578788	0
20	22	14	36530510267422032560863773617379344384	0.033298817451578788	0
20	22	15	33796285520900824532274239071093522432	0.030806477485903730	0
20	22	16	36706113628877898523627288077964148736	0.033458885959634017	0
20	22	17	36532001291696223551960610684223356928	0.033300176571524244	0
20	22	18	36706113628877898523627288077964148736	0.033458885959634017	0
20	22	19	36532001291696223551960610684223356928	0.033300176571524244	0
20	22	20	33796285520900824532274239071093522432	0.030806477485903730	0
20	22	21	35405105276764134028636137348244963328	0.032272972067304672	1
20	22	22	36532001291696223551960610684223356928	0.033300176571524244	0
20	22	23	33796285520900824532274239071093522432	0.030806477485903730	0
20	22	24	36706113628877898523627288077964148736	0.033458885959634017	0
20	22	25	36532001291696223551960610684223356928	0.033300176571524244	0
20	22	26	33742689064699029919778476462636007424	0.030757622471340555	0
20	22	27	33796285520900824532274239071093522432	0.030806477485903730	0
20	22	28	36706113628877898523627288077964148736	0.033458885959634017	0
20	22	29	33796285520900824532274239071093522432	0.030806477485903730	0
20	22	30	36530510267422032560863773617379344384	0.033298817451578788	0
20	22	31	33742689064699029919778476462636007424	0.030757622471340555	0
21	23	0	0	0	0
21	23	1	36523338143861415886217808908673089536	0.033292279814096124	0
21	23	2	36697405791837908543319528146172641280	0.033450948466457216	0
21	23	3	34697316135335021350698826843397554176	0.031627797903513257	0
21	23	4	35413501235419429170245053167921266688	0.032280625272599288	0
21	23	5	33750602109146615881989731714838036480	0.030764835483713431	0
21	23	6	35413501235419429170245053167921266688	0.032280625272599288	0
21	23	7	34697316135335021350698826843397554176	0.031627797903513257	0
21	23	8	33750602109146615881989731714838036480	0.030764835483713431	0
21	23	9	36523338143861415886217808908673089536	0.033292279814096124	0
21	23	10	33804378804643392252455947168000245760	0.030813854792597634	0
21	23	11	34697316135335021350698826843397554176	0.031627797903513257	0
21	23	12	36697405791837908543319528146172641280	0.033450948466457216	0
21	23	13	36521893932758558284453932982064906240	0.033290963365967599	0
21	23	14	36521893932758558284453932982064906240	0.033290963365967599	0
21	23	15	33804378804643392252455947168000245760	0.030813854792597634	0
21	23	16	36697405791837908543319528146172641280	0.033450948466457216	0
21	23	17	36523338143861415886217808908673089536	0.033292279814096124	0
21	23	18	36697405791837908543319528146172641280	0.033450948466457216	0
21	23	19	36523338143861415886217808908673089536	0.033292279814096124	0
21	23	20	33804378804643392252455947168000245760	0.030813854792597634	0
21	23	21	35413501235419429170245053167921266688	0.032280625272599288	0
21	23	22	36523338143861415886217808908673089536	0.033292279814096124	1
21	23	23	33804378804643392252455947168000245760	0.030813854792597634	0
21	23	24	36697405791837908543319528146172641280	0.033450948466457216	0
21	23	25	36523338143861415886217808908673089536	0.033292279814096124	0
21	23	26	33750602109146615881989731714838036480	0.030764835483713431	0
21	23	27	33804378804643392252455947168000245760	0.030813854792597634	0
21	23	28	36697405791837908543319528146172641280	0.033450948466457216	0
21	23	29	33804378804643392252455947168000245760	0.030813854792597634	0
21	23	30	36521893932758558284453932982064906240	0.033290963365967599	0
21	23	31	33750602109146615881989731714838036480	0.030764835483713431	0
22	24	0	0	0	0
22	24	1	36525016322115170072729579407035334656	0.033293809531335601	0
22	24	2	36699055182223612952022332781518913536	0.033452451942564117	0
22	24	3	34695921453777735096329902321775935488	0.031626526603270277	0
22	24	4	35411900694866621084798128193567981568	0.032279166324796434	0
22	24	5	33749338969421262570079221709511589888	0.030763684088377793	0
22	24	6	35411900694866621084798128193567981568	0.032279166324796434	0
22	24	7	34695921453777735096329902321775935488	0.031626526603270277	0
22	24	8	33749338969421262570079221709511589888	0.030763684088377793	0
22	24	9	36525016322115170072729579407035334656	0.033293809531335601	0
22	24	10	33802728090227528280095083039161843712	0.030812350109591671	0
22	24	11	34695921453777735096329902321775935488	0.031626526603270277	0
22	24	12	36699055182223612952022332781518913536	0.033452451942564117	0
22	24	13	36523219632721934461109707142068174848	0.033292171787113454	0
22	24	14	36523219632721934461109707142068174848	0.033292171787113454	0
22	24	15	33802728090227528280095083039161843712	0.030812350109591671	0
22	24	16	36699055182223612952022332781518913536	0.033452451942564117	0
22	24	17	36525016322115170072729579407035334656	0.033293809531335601	0
22	24	18	36699055182223612952022332781518913536	0.033452451942564117	0
22	24	19	36525016322115170072729579407035334656	0.033293809531335601	0
22	24	20	33802728090227528280095083039161843712	0.030812350109591671	0
22	24	21	35411900694866621084798128193567981568	0.032279166324796434	0
22	24	22	36525016322115170072729579407035334656	0.033293809531335601	0
22	24	23	33802728090227528280095083039161843712	0.030812350109591671	1
22	24	24	36699055182223612952022332781518913536	0.033452451942564117	0
22	24	25	36525016322115170072729579407035334656	0.033293809531335601	0
22	24	26	33749338969421262570079221709511589888	0.030763684088377793	0
22	24	27	33802728090227528280095083039161843712	0.030812350109591671	0
22	24	28	36699055182223612952022332781518913536	0.033452451942564117	0
22	24	29	33802728090227528280095083039161843712	0.030812350109591671	0
22	24	30	36523219632721934461109707142068174848	0.033292171787113454	0
22	24	31	33749338969421262570079221709511589888	0.030763684088377793	0
23	25	0	0	0	0
23	25	1	36546245508668930772472674266134872064	0.033313160665566255	0
23	25	2	36720378716140239841803725890965733376	0.033471889077663364	0
23	25	3	34675844553965036380208117339834548224	0.031608225818064632	0
23	25	4	35391337015536613503237095400956493824	0.032260421823306309	0
23	25	5	33729998075626677805753963418747928576	0.030746054197990234	0
23	25	6	35391337015536613503237095400956493824	0.032260421823306309	0
23	25	7	34675844553965036380208117339834548224	0.031608225818064632	0
23	25	8	33729998075626677805753963418747928576	0.030746054197990234	0
23	25	9	36546245508668930772472674266134872064	0.033313160665566255	0
23	25	10	33782903165015471220449887968579026944	0.030794279007907219	0
23	25	11	34675844553965036380208117339834548224	0.031608225818064632	0
23	25	12	36720378716140239841803725890965733376	0.033471889077663364	0
23	25	13	36544192479740759384800950175045517312	0.033311289259035070	0
23	25	14	36544192479740759384800950175045517312	0.033311289259035070	0
23	25	15	33782903165015471220449887968579026944	0.030794279007907219	0
23	25	16	36720378716140239841803725890965733376	0.033471889077663364	0
23	25	17	36546245508668930772472674266134872064	0.033313160665566255	0
23	25	18	36720378716140239841803725890965733376	0.033471889077663364	0
23	25	19	36546245508668930772472674266134872064	0.033313160665566255	0
23	25	20	33782903165015471220449887968579026944	0.030794279007907219	0
23	25	21	35391337015536613503237095400956493824	0.032260421823306309	0
23	25	22	36546245508668930772472674266134872064	0.033313160665566255	0
23	25	23	33782903165015471220449887968579026944	0.030794279007907219	0
23	25	24	36720378716140239841803725890965733376	0.033471889077663364	1
23	25	25	36546245508668930772472674266134872064	0.033313160665566255	0
23	25	26	33729998075626677805753963418747928576	0.030746054197990234	0
23	25	27	33782903165015471220449887968579026944	0.030794279007907219	0
23	25	28	36720378716140239841803725890965733376	0.033471889077663364	0
23	25	29	33782903165015471220449887968579026944	0.030794279007907219	0
23	25	30	36544192479740759384800950175045517312	0.033311289259035070	0
23	25	31	33729998075626677805753963418747928576	0.030746054197990234	0
24	26	0	0	0	0
24	26	1	36550275315669436322123060709567234048	0.033316833973349054	0
24	26	2	36724532803188641415536920346200899584	0.033475675670987412	0
24	26	3	34671031597246159149028508464486285312	0.031603838642358325	0
24	26	4	35386802545289553611417329769360916480	0.032256288497604283	0
24	26	5	33725268736645348926960400438633955328	0.030741743242729740	0
24	26	6	35386802545289553611417329769360916480	0.032256288497604283	0
24	26	7	34671031597246159149028508464486285312	0.031603838642358325	0
24	26	8	33725268736645348926960400438633955328	0.030741743242729740	0
24	26	9	36550275315669436322123060709567234048	0.033316833973349054	0
24	26	10	33779721911429934312207509635829071872	0.030791379185768506	0
24	26	11	34671031597246159149028508464486285312	0.031603838642358325	0
24	26	12	36724532803188641415536920346200899584	0.033475675670987412	0
24	26	13	36549840411088394582576003523639508992	0.033316437542854463	0
24	26	14	36549840411088394582576003523639508992	0.033316437542854463	0
24	26	15	33779721911429934312207509635829071872	0.030791379185768506	0
24	26	16	36724532803188641415536920346200899584	0.033475675670987412	0
24	26	17	36550275315669436322123060709567234048	0.033316833973349054	0
24	26	18	36724532803188641415536920346200899584	0.033475675670987412	0
24	26	19	36550275315669436322123060709567234048	0.033316833973349054	0
24	26	20	33779721911429934312207509635829071872	0.030791379185768506	0
24	26	21	35386802545289553611417329769360916480	0.032256288497604283	0
24	26	22	36550275315669436322123060709567234048	0.033316833973349054	0
24	26	23	33779721911429934312207509635829071872	0.030791379185768506	0
24	26	24	36724532803188641415536920346200899584	0.033475675670987412	0
24	26	25	36550275315669436322123060709567234048	0.033316833973349054	1
24	26	26	33725268736645348926960400438633955328	0.030741743242729740	0
24	26	27	33779721911429934312207509635829071872	0.030791379185768506	0
24	26	28	36724532803188641415536920346200899584	0.033475675670987412	0
24	26	29	33779721911429934312207509635829071872	0.030791379185768506	0
24	26	30	36549840411088394582576003523639508992	0.033316437542854463	0
24	26	31	33725268736645348926960400438633955328	0.030741743242729740	0
25	27	0	0	0	0
25	27	1	36476306945515895356861244874430611456	0.033249409258038408	0
25	27	2	36650301790476091382691387496749596672	0.033408011547944341	0
25	27	3	34740159315742149766560881755806498816	0.031666850937072832	0
25	27	4	35457775904071593219922231422440439808	0.032320983156964575	0
25	27	5	33792276685334428276741125770873143296	0.030802823294304937	0
25	27	6	35457775904071593219922231422440439808	0.032320983156964575	0
25	27	7	34740159315742149766560881755806498816	0.031666850937072832	0
25	27	8	33792276685334428276741125770873143296	0.030802823294304937	0
25	27	9	36476306945515895356861244874430611456	0.033249409258038408	0
25	27	10	33849167345549803810952520057167544320	0.030854681089209625	0
25	27	11	34740159315742149766560881755806498816	0.031666850937072832	0
25	27	12	36650301790476091382691387496749596672	0.033408011547944341	0
25	27	13	36477903299717368222222437996086427648	0.033250864389837930	0
25	27	14	36477903299717368222222437996086427648	0.033250864389837930	0
25	27	15	33849167345549803810952520057167544320	0.030854681089209625	0
25	27	16	36650301790476091382691387496749596672	0.033408011547944341	0
25	27	17	36476306945515895356861244874430611456	0.033249409258038408	0
25	27	18	36650301790476091382691387496749596672	0.033408011547944341	0
25	27	19	36476306945515895356861244874430611456	0.033249409258038408	0
25	27	20	33849167345549803810952520057167544320	0.030854681089209625	0
25	27	21	35457775904071593219922231422440439808	0.032320983156964575	0
25	27	22	36476306945515895356861244874430611456	0.033249409258038408	0
25	27	23	33849167345549803810952520057167544320	0.030854681089209625	0
25	27	24	36650301790476091382691387496749596672	0.033408011547944341	0
25	27	25	36476306945515895356861244874430611456	0.033249409258038408	0
25	27	26	33792276685334428276741125770873143296	0.030802823294304937	1
25	27	27	33849167345549803810952520057167544320	0.030854681089209625	0
25	27	28	36650301790476091382691387496749596672	0.033408011547944341	0
25	27	29	33849167345549803810952520057167544320	0.030854681089209625	0
25	27	30	36477903299717368222222437996086427648	0.033250864389837930	0
25	27	31	33792276685334428276741125770873143296	0.030802823294304937	0
26	28	0	0	0	0
26	28	1	36414995092185645480458232032530530304	0.033193521393436564	0
26	28	2	36588259583157666619400898015900205056	0.033351457940544237	0
26	28	3	34804855286544863026954499495271858176	0.031725823541228691	0
26	28	4	35522853395345768449947855951264481280	0.032380303530161716	0
26	28	5	33855486927231493428723718975674384384	0.030860441605426027	0
26	28	6	35522853395345768449947855951264481280	0.032380303530161716	0
26	28	7	34804855286544863026954499495271858176	0.031725823541228691	0
26	28	8	33855486927231493428723718975674384384	0.030860441605426027	0
26	28	9	36414995092185645480458232032530530304	0.033193521393436564	0
26	28	10	33901731376900823611600547023194947584	0.030902595012986310	0
26	28	11	34804855286544863026954499495271858176	0.031725823541228691	0
26	28	12	36588259583157666619400898015900205056	0.033351457940544237	0
26	28	13	36405429573706369207250688834839511040	0.033184802094107335	0
26	28	14	36405429573706369207250688834839511040	0.033184802094107335	0
26	28	15	33901731376900823611600547023194947584	0.030902595012986310	0
26	28	16	36588259583157666619400898015900205056	0.033351457940544237	0
26	28	17	36414995092185645480458232032530530304	0.033193521393436564	0
26	28	18	36588259583157666619400898015900205056	0.033351457940544237	0
26	28	19	36414995092185645480458232032530530304	0.033193521393436564	0
26	28	20	33901731376900823611600547023194947584	0.030902595012986310	0
26	28	21	35522853395345768449947855951264481280	0.032380303530161716	0
26	28	22	36414995092185645480458232032530530304	0.033193521393436564	0
26	28	23	33901731376900823611600547023194947584	0.030902595012986310	0
26	28	24	36588259583157666619400898015900205056	0.033351457940544237	0
26	28	25	36414995092185645480458232032530530304	0.033193521393436564	0
26	28	26	33855486927231493428723718975674384384	0.030860441605426027	0
26	28	27	33901731376900823611600547023194947584	0.030902595012986310	1
26	28	28	36588259583157666619400898015900205056	0.033351457940544237	0
26	28	29	33901731376900823611600547023194947584	0.030902595012986310	0
26	28	30	36405429573706369207250688834839511040	0.033184802094107335	0
26	28	31	33855486927231493428723718975674384384	0.030860441605426027	0
27	29	0	0	0	0
27	29	1	36810588506812306422328668888572100608	0.033554118406789739	0
27	29	2	36984554401649177190355440899130392576	0.033712694307661827	0
27	29	3	34448557648155282006619022311468564480	0.031401045980436065	0
27	29	4	35156666304501740357080429462728212480	0.032046511393072017	0
27	29	5	33505868056665380368005689180277964800	0.030541751971380855	0
27	29	6	35156666304501740357080429462728212480	0.032046511393072017	0
27	29	7	34448557648155282006619022311468564480	0.031401045980436065	0
27	29	8	33505868056665380368005689180277964800	0.030541751971380855	0
27	29	9	36810588506812306422328668888572100608	0.033554118406789739	0
27	29	10	33523019764747214729872386962634571776	0.030557386343641707	0
27	29	11	34448557648155282006619022311468564480	0.031401045980436065	0
27	29	12	36984554401649177190355440899130392576	0.033712694307661827	0
27	29	13	36767719555099003805883992876951535616	0.033515041881797564	0
27	29	14	36767719555099003805883992876951535616	0.033515041881797564	0
27	29	15	33523019764747214729872386962634571776	0.030557386343641707	0
27	29	16	36984554401649177190355440899130392576	0.033712694307661827	0
27	29	17	36810588506812306422328668888572100608	0.033554118406789739	0
27	29	18	36984554401649177190355440899130392576	0.033712694307661827	0
27	29	19	36810588506812306422328668888572100608	0.033554118406789739	0
27	29	20	33523019764747214729872386962634571776	0.030557386343641707	0
27	29	21	35156666304501740357080429462728212480	0.032046511393072017	0
27	29	22	36810588506812306422328668888572100608	0.033554118406789739	0
27	29	23	33523019764747214729872386962634571776	0.030557386343641707	0
27	29	24	36984554401649177190355440899130392576	0.033712694307661827	0
27	29	25	36810588506812306422328668888572100608	0.033554118406789739	0
27	29	26	33505868056665380368005689180277964800	0.030541751971380855	0
27	29	27	33523019764747214729872386962634571776	0.030557386343641707	0
27	29	28	36984554401649177190355440899130392576	0.033712694307661827	1
27	29	29	33523019764747214729872386962634571776	0.030557386343641707	0
27	29	30	36767719555099003805883992876951535616	0.033515041881797564	0
27	29	31	33505868056665380368005689180277964800	0.030541751971380855	0
28	30	0	0	0	0
28	30	1	37695454237051300934356009235800653824	0.034360703976076549	0
28	30	2	37876205235994043117612484401357127680	0.034525464732877486	0
28	30	3	33552408001830809894835248987761016832	0.030584174733256485	0
28	30	4	34241950623799649641289876490165944320	0.031212716566533312	0
28	30	5	32563421232049449198932002445515554816	0.029682679252687056	0
28	30	6	34241950623799649641289876490165944320	0.031212716566533312	0
28	30	7	33552408001830809894835248987761016832	0.030584174733256485	0
28	30	8	32563421232049449198932002445515554816	0.029682679252687056	0
28	30	9	37695454237051300934356009235800653824	0.034360703976076549	0
28	30	10	32749902595782884898779867962025705472	0.029852663434228009	0
28	30	11	33552408001830809894835248987761016832	0.030584174733256485	0
28	30	12	37876205235994043117612484401357127680	0.034525464732877486	0
28	30	13	37828381857041080309172838455211720704	0.034481872076930040	0
28	30	14	37828381857041080309172838455211720704	0.034481872076930040	0
28	30	15	32749902595782884898779867962025705472	0.029852663434228009	0
28	30	16	37876205235994043117612484401357127680	0.034525464732877486	0
28	30	17	37695454237051300934356009235800653824	0.034360703976076549	0
28	30	18	37876205235994043117612484401357127680	0.034525464732877486	0
28	30	19	37695454237051300934356009235800653824	0.034360703976076549	0
28	30	20	32749902595782884898779867962025705472	0.029852663434228009	0
28	30	21	34241950623799649641289876490165944320	0.031212716566533312	0
28	30	22	37695454237051300934356009235800653824	0.034360703976076549	0
28	30	23	32749902595782884898779867962025705472	0.029852663434228009	0
28	30	24	37876205235994043117612484401357127680	0.034525464732877486	0
28	30	25	37695454237051300934356009235800653824	0.034360703976076549	0
28	30	26	32563421232049449198932002445515554816	0.029682679252687056	0
28	30	27	32749902595782884898779867962025705472	0.029852663434228009	0
28	30	28	37876205235994043117612484401357127680	0.034525464732877486	0
28	30	29	32749902595782884898779867962025705472	0.029852663434228009	1
28	30	30	37828381857041080309172838455211720704	0.034481872076930040	0
28	30	31	32563421232049449198932002445515554816	0.029682679252687056	0
29	31	0	0	0	0
29	31	1	33904685943682688045121606395136835584	0.030905288202301148	0
29	31	2	34096245720299950627946031249006526464	0.031079901531979491	0
29	31	3	36317407950028092947288023485600759808	0.033104567354510270	0
29	31	4	37075975326529913722872019948958384128	0.033796027627305407	0
29	31	5	35766203932615953513046530221711818752	0.032602125920760241	0
29	31	6	37075975326529913722872019948958384128	0.033796027627305407	0
29	31	7	36317407950028092947288023485600759808	0.033104567354510270	0
29	31	8	35766203932615953513046530221711818752	0.032602125920760241	0
29	31	9	33904685943682688045121606395136835584	0.030905288202301148	0
29	31	10	36659503260885906997815296125327900672	0.033416399004928094	0
29	31	11	36317407950028092947288023485600759808	0.033104567354510270	0
29	31	12	34096245720299950627946031249006526464	0.031079901531979491	0
29	31	13	35281234559944227316049405789742301184	0.032160059645419869	0
29	31	14	35281234559944227316049405789742301184	0.032160059645419869	0
29	31	15	36659503260885906997815296125327900672	0.033416399004928094	0
29	31	16	34096245720299950627946031249006526464	0.031079901531979491	0
29	31	17	33904685943682688045121606395136835584	0.030905288202301148	0
29	31	18	34096245720299950627946031249006526464	0.031079901531979491	0
29	31	19	33904685943682688045121606395136835584	0.030905288202301148	0
29	31	20	36659503260885906997815296125327900672	0.033416399004928094	0
29	31	21	37075975326529913722872019948958384128	0.033796027627305407	0
29	31	22	33904685943682688045121606395136835584	0.030905288202301148	0
29	31	23	36659503260885906997815296125327900672	0.033416399004928094	0
29	31	24	34096245720299950627946031249006526464	0.031079901531979491	0
29	31	25	33904685943682688045121606395136835584	0.030905288202301148	0
29	31	26	35766203932615953513046530221711818752	0.032602125920760241	0
29	31	27	36659503260885906997815296125327900672	0.033416399004928094	0
29	31	28	34096245720299950627946031249006526464	0.031079901531979491	0
29	31	29	36659503260885906997815296125327900672	0.033416399004928094	0
29	31	30	35281234559944227316049405789742301184	0.032160059645419869	1
29	31	31	35766203932615953513046530221711818752	0.032602125920760241	0
30	32	0	0	0	0
30	32	1	0	0	0
30	32	2	0	0	0
30	32	3	67470024924275190476259562324625981440	0.061501249967769988	0
30	32	4	68907234290373665875260141101441875968	0.062811315772246080	0
30	32	5	69737960677083439133216028037277024256	0.063568551466485139	0
30	32	6	68907234290373665875260141101441875968	0.062811315772246080	0
30	32	7	67470024924275190476259562324625981440	0.061501249967769988	0
30	32	8	69737960677083439133216028037277024256	0.063568551466485139	0
30	32	9	0	0	0
30	32	10	68161276406150244074781474791544586240	0.062131349485668540	0
30	32	11	67470024924275190476259562324625981440	0.061501249967769988	0
30	32	12	0	0	0
30	32	13	0	0	0
30	32	14	0	0	0
30	32	15	68161276406150244074781474791544586240	0.062131349485668540	0
30	32	16	0	0	0
30	32	17	0	0	0
30	32	18	0	0	0
30	32	19	0	0	0
30	32	20	68161276406150244074781474791544586240	0.062131349485668540	0
30	32	21	68907234290373665875260141101441875968	0.062811315772246080	0
30	32	22	0	0	0
30	32	23	68161276406150244074781474791544586240	0.062131349485668540	0
30	32	24	0	0	0
30	32	25	0	0	0
30	32	26	69737960677083439133216028037277024256	0.063568551466485139	0
30	32	27	68161276406150244074781474791544586240	0.062131349485668540	0
30	32	28	0	0	0
30	32	29	68161276406150244074781474791544586240	0.062131349485668540	0
30	32	30	0	0	0
30	32	31	69737960677083439133216028037277024256	0.063568551466485139	1
