order=NATIVE-WALK-PATH	object=WALK	space=C1C2C4C5-SUPERSPACE	n=31	N=1097051278789181790036112071176579186688	cd=387
step	pair	entry	exit	orient	dclass	alts	f	g	g_parent	p_num	p_den	bits	g_alt_min	g_alt_max	choice_rank
1	1	17	34	0	2	56	1	20194201635582159760158644047785754624	1097051278789181790036112071176579186688	20194201635582159760158644047785754624	1097051278789181790036112071176579186688	5.763546	11219431412719560131422562488388943872	23230913249322620342098471098452017152	24
2	2	23	58	0	4	54	1	338692541627798967020975639684513792	20194201635582159760158644047785754624	338692541627798967020975639684513792	20194201635582159760158644047785754624	5.897821	214883224932085337777877310596186112	897063154879016134762541404317024256	39
3	3	2	16	0	3	52	3	7724414341617938589954817635090432	338692541627798967020975639684513792	7724414341617938589954817635090432	338692541627798967020975639684513792	5.454407	3820080389831231652738504549072896	16454905816199757697268797064544256	13
4	4	55	59	0	4	51	6	116051066010157309681216728752128	7724414341617938589954817635090432	116051066010157309681216728752128	7724414341617938589954817635090432	6.056594	100406064156769511431112168284160	375069333908583787008580854267904	42
5	5	7	56	0	4	49	18	1628879170258092142427615223808	116051066010157309681216728752128	1628879170258092142427615223808	116051066010157309681216728752128	6.154736	1514973418148658662930255044608	6275202195857551635598859984896	35
6	6	61	47	0	2	47	75	35883878955266245155841403904	1628879170258092142427615223808	35883878955266245155841403904	1628879170258092142427615223808	5.504400	19221188779956015535542439936	51362765559790855124750680064	23
7	7	4	8	0	4	46	378	464485390953138053737699328	35883878955266245155841403904	464485390953138053737699328	35883878955266245155841403904	6.271559	438754775481642057407682816	1232757357464822269837003776	41
8	8	25	38	0	2	44	4128	9496985942109515278290944	464485390953138053737699328	9496985942109515278290944	464485390953138053737699328	5.612020	4449888128438871979965440	17825410256673175169560576	19
9	9	3	48	0	3	41	85184	364675375559021630295040	9496985942109515278290944	364675375559021630295040	9496985942109515278290944	4.702785	92287169006288576943104	427644518203811111231488	9
10	10	41	37	0	3	40	2059040	12731926690967534860288	364675375559021630295040	12731926690967534860288	364675375559021630295040	4.840090	4643805015804079636992	27336932080373777612288	6
11	11	32	1	0	2	37	38593744	246332362491830719744	12731926690967534860288	246332362491830719744	12731926690967534860288	5.691701	148362459474116777984	1003690027765982472192	25
12	12	57	39	0	3	36	578215232	8848851392623784000	246332362491830719744	8848851392623784000	246332362491830719744	4.798972	2559504391670336512	16328444747053670912	15
13	13	33	30	0	2	36	7429630240	231171033392983360	8848851392623784000	231171033392983360	8848851392623784000	5.258458	139521496470792512	914481223090097856	15
14	14	18	45	0	2	34	105911374720	5115829149524752	231171033392983360	5115829149524752	231171033392983360	5.497849	4585803527408512	11300525289322688	28
15	15	28	14	0	3	30	2906887724448	245616513562792	5115829149524752	245616513562792	5115829149524752	4.380489	88377519994816	303825695813376	9
16	16	60	15	0	3	30	72181075135048	12661719028088	245616513562792	12661719028088	245616513562792	4.277862	2421938085248	27045468444744	5
17	17	40	5	0	4	27	1754624873975600	511647396688	12661719028088	511647396688	12661719028088	4.629180	244166714624	690908747608	12
18	18	53	43	0	2	24	37325310377255424	13601355804	511647396688	13601355804	511647396688	5.233328	12325358064	35095376456	19
19	19	20	10	0	6	23	360865907662883392	2964254208	13601355804	2964254208	13601355804	2.198009	129953360	2964254208	1
20	20	35	49	0	3	21	14758649108711703552	227745800	2964254208	227745800	2964254208	3.702173	39456344	253211140	3
21	21	31	62	0	4	19	502219451580676594432	8889000	227745800	8889000	227745800	4.679260	3912148	23477944	13
22	22	24	6	0	3	19	17495804747179981949952	690176	8889000	690176	8889000	3.686985	146756	946692	8
23	23	26	22	0	3	18	591238958168078878828544	51280	690176	51280	690176	3.750496	16624	62564	7
24	24	29	46	0	3	15	21300017473055780632961024	5624	51280	5624	51280	3.188728	1184	5944	3
25	25	9	36	0	4	12	905589585272067490740305920	320	5624	320	5624	4.135453	308	656	10
26	26	52	11	0	1	6	117455051834374320176371269632	52	320	52	320	2.621488	44	64	4
27	27	13	44	0	2	5	4792089151124904042459627126784	10	52	10	52	2.378512	4	14	3
28	28	54	27	0	3	2	214731128676385385947456604815360	6	10	6	10	0.736966	4	6	1
29	29	50	19	0	3	3	9485495890079454239249627178401792	2	6	2	6	1.584963	2	2	1
30	30	51	12	0	1	1	798015720766462055566180508261941248	2	2	2	2	0.000000	2	2	1
31	31	21	42	0	3	2	34868980338541719566608014018638512128	1	2	1	2	1.000000	1	1	1
KC_PROFILE_PRODUCT=EXACT
KC_PROFILE=OK
