# CLAIMS.tsv — the typed claim ledger (Q-296), first tranche: TR-12's headline figures.
#
# One row per published figure: the executive summary and abstract of reports/TR12_QUERY_PROGRAM.md
# and the captions of its five figures (section 2). Each row types the claim (the set it is over,
# the equivalence under which objects count as the same, its unit, its scope, its epistemic status)
# and ties it to two things it does not control: the published line (`source`), and a command that
# re-derives the figure from committed files (`evidence`, `key`, `artifact`).
#
# Checked by scripts/claim_ledger.sh (verdicts CLAIM_<id>=TRUE|FALSE, CLAIM_LEDGER=PASS|FAIL|ERROR),
# run by scripts/doc_gates.sh GATE 92 (`claim-ledger`). That script's header defines every column,
# the render vocabulary and the five checks (S source, E evidence, P premise, F flags, A artifacts).
#
# SCOPE RULE. A row whose scope is `conditional-on:<premise>` names, in `premise`, text that must
# stand in the SAME SENTENCE as the figure; printing the figure without it fails the ledger.
#
# RE-PINNING. `source` is FILE:LINE. An edit above a cited line moves it and the ledger goes red
# with the line(s) where the figure now is; update the line number here in the same commit.
#
# NOT COVERED YET (later tranches): the body of TR-12, every other report, the retracted-status
# rows, and the generated CLAIM_TO_ARTIFACT.md. Absence of a figure from this file is not a claim
# that the figure is unchecked elsewhere.
id	set	equivalence	unit	scope	status	value	render	source	premise	evidence	key	artifact
TR12_SUM_N_EXACT	SUPER = C1∩C2∩C4∩C5, n=31	raw	orderings	universal	measured	1,097,051,278,789,181,790,036,112,071,176,579,186,688	commas	reports/TR12_QUERY_PROGRAM.md:14	-	python3 solve.py --atlas-probe runs/20260906_kc_ladders_n31/atlas_n31.json	ATLAS_N_TOTAL	runs/20260906_kc_ladders_n31/atlas_n31.json
TR12_SUM_N_APPROX	SUPER = C1∩C2∩C4∩C5, n=31	raw	orderings	universal	measured	1.097×10³⁹	sci:3	reports/TR12_QUERY_PROGRAM.md:14	-	python3 solve.py --atlas-probe runs/20260906_kc_ladders_n31/atlas_n31.json	ATLAS_N_TOTAL	runs/20260906_kc_ladders_n31/atlas_n31.json
TR12_SUM_CATALOG_TB	the f, g and t ladder files, n=31	none	bytes, decimal TB	scoped:n=31	measured	15.05	tb:2	reports/TR12_QUERY_PROGRAM.md:21	-	bash scripts/claim_ledger.sh --derive catalog	LADDER_BYTES	runs/20260906_kc_ladders_n31/README.md
TR12_SUM_LOGICAL_DIGESTS	per-layer logical digests of f, g and t	none	registry rows (the denominator of 96 of 96)	scoped:n=31	measured	96	exact	reports/TR12_QUERY_PROGRAM.md:22	-	bash scripts/claim_ledger.sh --derive catalog	LAYERSHA_ROWS	runs/20260906_kc_ladders_n31/STAGE_F_LAYERSHA.txt,runs/20260906_kc_ladders_n31/STAGE_G_LAYERSHA.txt,runs/20260906_kc_ladders_n31/STAGE_T_LAYERSHA.txt
TR12_SUM_T_CONTAINER_DIGESTS	t ladder files	none	registry rows (the denominator of 65 of 65)	scoped:n=31	measured	65	exact	reports/TR12_QUERY_PROGRAM.md:22	-	bash scripts/claim_ledger.sh --derive catalog	T_SHA256_ROWS	runs/20260906_kc_ladders_n31/STAGE_T_SHA256.txt
TR12_SUM_FG_COPYIN	f and g ladder files	none	registry rows (the denominator of 130 of 130)	scoped:n=31	measured	130	exact	reports/TR12_QUERY_PROGRAM.md:23	-	bash scripts/claim_ledger.sh --derive catalog	FG_SHA256_ROWS	runs/20260906_kc_ladders_n31/STAGE_F_SHA256.txt,runs/20260906_kc_ladders_n31/STAGE_G_SHA256.txt
TR12_SUM_B0	SUPER = C1∩C2∩C4∩C5, n=31	raw	uses of each distance class d1,d2,d3,d4,d6 per walk	scoped:n=31	measured	2,8,13,7,1	exact	reports/TR12_QUERY_PROGRAM.md:30	-	python3 solve.py --atlas-probe runs/20260906_kc_ladders_n31/atlas_n31.json	B0_FROM_COLUMN_SUMS	runs/20260906_kc_ladders_n31/atlas_n31.json
TR12_SUM_DOOMED_PCT	prefixes of the pruned-DFS tree over SUPER	raw	t-units (share of t(root))	scoped:n=31, t-units (prices no production-DFS node)	measured	68.67	pct:2	reports/TR12_QUERY_PROGRAM.md:32	-	python3 solve.py --atlas-probe runs/20260906_kc_ladders_n31/atlas_n31.json	DOOMED_FRACTION_OF_T_ROOT	runs/20260906_kc_ladders_n31/atlas_n31.json
TR12_SUM_FIRST_DEAD_LAYER	prefixes of the pruned-DFS tree over SUPER	raw	layer index	scoped:n=31	measured	9	exact	reports/TR12_QUERY_PROGRAM.md:33	-	python3 solve.py --atlas-probe runs/20260906_kc_ladders_n31/atlas_n31.json	FIRST_LAYER_WITH_DEAD_PREFIXES	runs/20260906_kc_ladders_n31/atlas_n31.json
TR12_SUM_HALF_DEAD_LAYER	prefixes of the pruned-DFS tree over SUPER	raw	layer index	scoped:n=31	measured	25	exact	reports/TR12_QUERY_PROGRAM.md:34	-	python3 solve.py --atlas-probe runs/20260906_kc_ladders_n31/atlas_n31.json	FIRST_LAYER_DEAD_FRACTION_ABOVE_HALF	runs/20260906_kc_ladders_n31/atlas_n31.json
TR12_SUM_KW_STEPS_BELOW	King Wen's walk within SUPER, n=31	raw	steps with cell percentile below 0.25	scoped:n=31	measured	24	exact	reports/TR12_QUERY_PROGRAM.md:35	-	python3 solve.py --atlas-probe runs/20260906_kc_ladders_n31/atlas_n31.json	REF_WALK_CELL_PERCENTILE_STEPS_BELOW_0_25	runs/20260906_kc_ladders_n31/atlas_n31.json
TR12_SUM_KW_STEPS_TOTAL	King Wen's walk within SUPER, n=31	raw	steps	scoped:n=31	measured	31	count	reports/TR12_QUERY_PROGRAM.md:35	-	python3 solve.py --atlas-probe runs/20260906_kc_ladders_n31/atlas_n31.json	REF_WALK_CELL_PERCENTILE_BY_LAYER_MASS_WEIGHTED_LT	runs/20260906_kc_ladders_n31/atlas_n31.json
TR12_SUM_KW_MEAN_PCTL	King Wen's walk within SUPER, n=31	raw	mass-weighted lower percentile, mean over steps	scoped:n=31	measured	0.219	exact	reports/TR12_QUERY_PROGRAM.md:35	-	python3 solve.py --atlas-probe runs/20260906_kc_ladders_n31/atlas_n31.json	REF_WALK_CELL_PERCENTILE_MEAN_OVER_N_STEPS	runs/20260906_kc_ladders_n31/atlas_n31.json
TR12_SUM_KW_NULL_MEAN	a walk drawn uniformly from SUPER, n=31, per step	raw	mass-weighted lower percentile, null mean per step	conditional-on:less half the tie mass (stated by the probability-integral transform, not measured)	near-certain	0.5	exact	reports/TR12_QUERY_PROGRAM.md:36	tie	python3 solve.py --atlas-probe runs/20260906_kc_ladders_n31/atlas_n31.json | sed -n 's/^CELL_PERCENTILE_NULL_MEAN_PER_STEP=\([0-9.]*\)-minus-half-the-tie-mass:STATED-NOT-MEASURED$/CELL_PERCENTILE_NULL_MEAN_STATED=\1/p'	CELL_PERCENTILE_NULL_MEAN_STATED	runs/20260906_kc_ladders_n31/atlas_n31.json
TR12_SUM_KERNEL_TV	SUPER = C1∩C2∩C4∩C5, n=31	raw	TV distance between adjacent layers' kernels	scoped:n=31	measured	0.00099	exact	reports/TR12_QUERY_PROGRAM.md:39	-	python3 solve.py --atlas-probe runs/20260906_kc_ladders_n31/atlas_n31.json	KERNEL_TV_ADJACENT_MAX_INTERIOR	runs/20260906_kc_ladders_n31/atlas_n31.json
TR12_SUM_KERNEL_WINDOW	SUPER = C1∩C2∩C4∩C5, n=31	raw	layer range	scoped:n=31	measured	6–23	range	reports/TR12_QUERY_PROGRAM.md:39	-	python3 solve.py --atlas-probe runs/20260906_kc_ladders_n31/atlas_n31.json	KERNEL_INTERIOR_WINDOW	runs/20260906_kc_ladders_n31/atlas_n31.json
TR12_SUM_KERNEL_BITS	King Wen's walk within SUPER, n=31	raw	bits (magnitude of KW score minus population mean)	scoped:n=31	measured	0.10	absround:2	reports/TR12_QUERY_PROGRAM.md:39	-	python3 solve.py --atlas-probe runs/20260906_kc_ladders_n31/atlas_n31.json	REF_WALK_KERNEL_SCORE_MINUS_POPULATION_MEAN_BITS	runs/20260906_kc_ladders_n31/atlas_n31.json
TR12_SUM_POSITIONAL_PCT	SUPER = C1∩C2∩C4∩C5, n=31	raw	percent, max interior TV from uniform	scoped:n=31	measured	3	pct:0	reports/TR12_QUERY_PROGRAM.md:40	-	python3 solve.py --atlas-probe runs/20260906_kc_ladders_n31/atlas_n31.json	POSITIONAL_TV_FROM_UNIFORM_MAX_INTERIOR	runs/20260906_kc_ladders_n31/atlas_n31.json
TR12_SUM_EXCH_TV	SUPER = C1∩C2∩C4∩C5, n=31	raw	TV distance, max over layers	scoped:n=31	measured	0.0415	exact	reports/TR12_QUERY_PROGRAM.md:43	-	python3 solve.py --atlas-probe runs/20260906_kc_ladders_n31/atlas_n31.json	EXCHANGEABLE_NULL_TV_MAX_OVER_LAYERS	runs/20260906_kc_ladders_n31/atlas_n31.json
TR12_SUM_TOL_MULTIPLE	SUPER (atlas) against published C1-C5 anchors	raw	multiples of the 0.0020 tolerance, both checks	scoped:n=31	measured	twelve	word	reports/TR12_QUERY_PROGRAM.md:44	-	bash scripts/claim_ledger.sh --derive a-anchors	TOL_MULTIPLE_ROUNDED	runs/20260906_kc_ladders_n31/atlas_n31.json
TR12_SUM_A2	SUPER (atlas) against published C1-C5 anchors	raw	verdict token	scoped:n=31	measured	TR12_A2_SLOT=FAIL	kv	reports/TR12_QUERY_PROGRAM.md:45	-	d=$(mktemp -d) && python3 solve.py --atlas-queries runs/20260906_kc_ladders_n31/atlas_n31.json --atlas-out "$d"; rm -rf "$d"	TR12_A2_SLOT	runs/20260906_kc_ladders_n31/atlas_n31.json
TR12_SUM_A3	SUPER (atlas) against published C1-C5 anchors	raw	verdict token	scoped:n=31	measured	TR12_A3_EXTERNAL=FAIL	kv	reports/TR12_QUERY_PROGRAM.md:45	-	d=$(mktemp -d) && python3 solve.py --atlas-queries runs/20260906_kc_ladders_n31/atlas_n31.json --atlas-out "$d"; rm -rf "$d"	TR12_A3_EXTERNAL	runs/20260906_kc_ladders_n31/atlas_n31.json
TR12_SUM_C3_ATTRIBUTION	SUPER (atlas) against published C1-C5 anchors	raw	the constraint the two populations differ by	conditional-on:each instrument is right about what it measured	near-certain	C3	exact	reports/TR12_QUERY_PROGRAM.md:46	inference	bash scripts/claim_ledger.sh --derive atlas-space	ATLAS_OMITTED_CONSTRAINTS	runs/20260906_kc_ladders_n31/atlas_n31.json
TR12_ABS_N	SUPER = C1∩C2∩C4∩C5, n=31	raw	orderings	universal	measured	1.097051×10³⁹	sci:6	reports/TR12_QUERY_PROGRAM.md:68	-	python3 solve.py --atlas-probe runs/20260906_kc_ladders_n31/atlas_n31.json	ATLAS_N_TOTAL	runs/20260906_kc_ladders_n31/atlas_n31.json
TR12_ABS_CATALOG_TB	the f, g and t ladder files, n=31	none	bytes, decimal TB	scoped:n=31	measured	15.05	tb:2	reports/TR12_QUERY_PROGRAM.md:70	-	bash scripts/claim_ledger.sh --derive catalog	LADDER_BYTES	runs/20260906_kc_ladders_n31/README.md
TR12_ABS_DOOMED_PCT	prefixes of the pruned-DFS tree over SUPER	raw	t-units (share of t(root))	scoped:n=31, t-units (prices no production-DFS node)	measured	68.67	pct:2	reports/TR12_QUERY_PROGRAM.md:78	-	python3 solve.py --atlas-probe runs/20260906_kc_ladders_n31/atlas_n31.json	DOOMED_FRACTION_OF_T_ROOT	runs/20260906_kc_ladders_n31/atlas_n31.json
TR12_ABS_FIRST_DEAD_LAYER	prefixes of the pruned-DFS tree over SUPER	raw	layer index	scoped:n=31	measured	9	exact	reports/TR12_QUERY_PROGRAM.md:79	-	python3 solve.py --atlas-probe runs/20260906_kc_ladders_n31/atlas_n31.json	FIRST_LAYER_WITH_DEAD_PREFIXES	runs/20260906_kc_ladders_n31/atlas_n31.json
TR12_ABS_KW_STEPS_BELOW	King Wen's walk within SUPER, n=31	raw	steps with cell percentile below 0.25	scoped:n=31	measured	24	exact	reports/TR12_QUERY_PROGRAM.md:80	-	python3 solve.py --atlas-probe runs/20260906_kc_ladders_n31/atlas_n31.json	REF_WALK_CELL_PERCENTILE_STEPS_BELOW_0_25	runs/20260906_kc_ladders_n31/atlas_n31.json
TR12_ABS_KW_STEPS_TOTAL	King Wen's walk within SUPER, n=31	raw	steps	scoped:n=31	measured	31	count	reports/TR12_QUERY_PROGRAM.md:80	-	python3 solve.py --atlas-probe runs/20260906_kc_ladders_n31/atlas_n31.json	REF_WALK_CELL_PERCENTILE_BY_LAYER_MASS_WEIGHTED_LT	runs/20260906_kc_ladders_n31/atlas_n31.json
TR12_ABS_KW_MEAN_PCTL	King Wen's walk within SUPER, n=31	raw	mass-weighted lower percentile, mean over steps	scoped:n=31	measured	0.219	exact	reports/TR12_QUERY_PROGRAM.md:80	-	python3 solve.py --atlas-probe runs/20260906_kc_ladders_n31/atlas_n31.json	REF_WALK_CELL_PERCENTILE_MEAN_OVER_N_STEPS	runs/20260906_kc_ladders_n31/atlas_n31.json
TR12_ABS_KW_NULL_MEAN	a walk drawn uniformly from SUPER, n=31, per step	raw	mass-weighted lower percentile, null mean per step	conditional-on:less half the tie mass (stated by the probability-integral transform, not measured)	near-certain	0.5	exact	reports/TR12_QUERY_PROGRAM.md:80	tie	python3 solve.py --atlas-probe runs/20260906_kc_ladders_n31/atlas_n31.json | sed -n 's/^CELL_PERCENTILE_NULL_MEAN_PER_STEP=\([0-9.]*\)-minus-half-the-tie-mass:STATED-NOT-MEASURED$/CELL_PERCENTILE_NULL_MEAN_STATED=\1/p'	CELL_PERCENTILE_NULL_MEAN_STATED	runs/20260906_kc_ladders_n31/atlas_n31.json
TR12_ABS_KERNEL_BITS	King Wen's walk within SUPER, n=31	raw	bits (KW score minus population mean)	scoped:n=31	measured	−0.102	round:3	reports/TR12_QUERY_PROGRAM.md:83	-	python3 solve.py --atlas-probe runs/20260906_kc_ladders_n31/atlas_n31.json	REF_WALK_KERNEL_SCORE_MINUS_POPULATION_MEAN_BITS	runs/20260906_kc_ladders_n31/atlas_n31.json
TR12_ABS_KERNEL_SD	King Wen's walk within SUPER, n=31	raw	independent-step SDs (magnitude)	scoped:n=31	measured	0.05	absround:2	reports/TR12_QUERY_PROGRAM.md:83	-	python3 solve.py --atlas-probe runs/20260906_kc_ladders_n31/atlas_n31.json	REF_WALK_KERNEL_SCORE_DEVIATION_OVER_INDEPENDENT_STEP_SD	runs/20260906_kc_ladders_n31/atlas_n31.json
TR12_ABS_POSITIONAL_PCT	SUPER = C1∩C2∩C4∩C5, n=31	raw	percent, max interior TV from uniform	scoped:n=31	measured	3	pct:0	reports/TR12_QUERY_PROGRAM.md:83	-	python3 solve.py --atlas-probe runs/20260906_kc_ladders_n31/atlas_n31.json	POSITIONAL_TV_FROM_UNIFORM_MAX_INTERIOR	runs/20260906_kc_ladders_n31/atlas_n31.json
TR12_ABS_EXCH_TV	SUPER = C1∩C2∩C4∩C5, n=31	raw	TV distance, max over layers	scoped:n=31	measured	0.0415	exact	reports/TR12_QUERY_PROGRAM.md:84	-	python3 solve.py --atlas-probe runs/20260906_kc_ladders_n31/atlas_n31.json	EXCHANGEABLE_NULL_TV_MAX_OVER_LAYERS	runs/20260906_kc_ladders_n31/atlas_n31.json
TR12_ABS_TOL_MULTIPLE	SUPER (atlas) against published C1-C5 anchors	raw	multiples of the 0.0020 tolerance, both checks	scoped:n=31	measured	12	exact	reports/TR12_QUERY_PROGRAM.md:86	-	bash scripts/claim_ledger.sh --derive a-anchors	TOL_MULTIPLE_ROUNDED	runs/20260906_kc_ladders_n31/atlas_n31.json
TR12_ABS_C3_ATTRIBUTION	SUPER (atlas) against published C1-C5 anchors	raw	the constraint the compiler omits	conditional-on:each instrument is right about what it measured	near-certain	C3	exact	reports/TR12_QUERY_PROGRAM.md:87	cannot attribute by measurement	bash scripts/claim_ledger.sh --derive atlas-space	ATLAS_OMITTED_CONSTRAINTS	runs/20260906_kc_ladders_n31/atlas_n31.json
TR12_V1_POSITIONAL_TV	SUPER = C1∩C2∩C4∩C5, n=31	raw	TV distance, max over interior slots	scoped:n=31	measured	0.0329	exact	reports/TR12_QUERY_PROGRAM.md:890	-	python3 solve.py --atlas-probe runs/20260906_kc_ladders_n31/atlas_n31.json	POSITIONAL_TV_FROM_UNIFORM_MAX_INTERIOR	runs/20260906_kc_ladders_n31/atlas_n31.json
TR12_V1_POSITIONAL_PCT	SUPER = C1∩C2∩C4∩C5, n=31	raw	percent, max interior TV from uniform	scoped:n=31	measured	3	pct:0	reports/TR12_QUERY_PROGRAM.md:890	-	python3 solve.py --atlas-probe runs/20260906_kc_ladders_n31/atlas_n31.json	POSITIONAL_TV_FROM_UNIFORM_MAX_INTERIOR	runs/20260906_kc_ladders_n31/atlas_n31.json
TR12_V1_KW_OWN_SLOT	SUPER = C1∩C2∩C4∩C5, n=31	raw	share of mass, min and max over interior slots	scoped:n=31	measured	0.0299–0.0337	range	reports/TR12_QUERY_PROGRAM.md:891	-	python3 solve.py --atlas-probe runs/20260906_kc_ladders_n31/atlas_n31.json	KW_PAIR_SHARE_AT_OWN_SLOT_MIN_MAX_INTERIOR	runs/20260906_kc_ladders_n31/atlas_n31.json
TR12_V1_ADMISSIBLE_CLOSERS	SUPER = C1∩C2∩C4∩C5, n=31	raw	pairs admissible in the last slot	scoped:n=31	measured	16	exact	reports/TR12_QUERY_PROGRAM.md:895	-	python3 solve.py --atlas-probe runs/20260906_kc_ladders_n31/atlas_n31.json	PAIRS_ADMISSIBLE_LAST_COUNT	runs/20260906_kc_ladders_n31/atlas_n31.json
TR12_V2_B0	SUPER = C1∩C2∩C4∩C5, n=31	raw	uses of each distance class d1,d2,d3,d4,d6 per walk	scoped:n=31	measured	2,8,13,7,1	exact	reports/TR12_QUERY_PROGRAM.md:902	-	python3 solve.py --atlas-probe runs/20260906_kc_ladders_n31/atlas_n31.json	B0_FROM_COLUMN_SUMS	runs/20260906_kc_ladders_n31/atlas_n31.json
TR12_V2_CLASS_SHARE_PP	SUPER = C1∩C2∩C4∩C5, n=31	raw	percentage points, max deviation of a class share from b0/31	scoped:n=31	measured	0.18	pct:2	reports/TR12_QUERY_PROGRAM.md:904	-	python3 solve.py --atlas-probe runs/20260906_kc_ladders_n31/atlas_n31.json	BY_CLASS_MAX_ABS_DEV_FROM_B0_OVER_N_INTERIOR	runs/20260906_kc_ladders_n31/atlas_n31.json
TR12_V2_INTERIOR_WINDOW	SUPER = C1∩C2∩C4∩C5, n=31	raw	layer range	scoped:n=31	measured	1–29	range	reports/TR12_QUERY_PROGRAM.md:904	-	python3 solve.py --atlas-probe runs/20260906_kc_ladders_n31/atlas_n31.json	INTERIOR_LAYER_WINDOW	runs/20260906_kc_ladders_n31/atlas_n31.json
TR12_V2_BRANCHES	top-level branches of SUPER	raw	branches	scoped:n=31	measured	56	exact	reports/TR12_QUERY_PROGRAM.md:906	-	bash scripts/claim_ledger.sh --derive v2-branches	V2_BRANCHES	reports/tr12/scan/v2_branches.tsv
TR12_V2_MASS_LEVELS	top-level branches of SUPER	raw	distinct branch solution counts	scoped:n=31	measured	7	exact	reports/TR12_QUERY_PROGRAM.md:906	-	bash scripts/claim_ledger.sh --derive v2-branches	V2_MASS_LEVELS	reports/tr12/scan/v2_branches.tsv
TR12_V2_SHARE_RANGE	top-level branches of SUPER	raw	share of N, min and max	scoped:n=31	measured	0.0102–0.0212	range:4	reports/TR12_QUERY_PROGRAM.md:906	-	bash scripts/claim_ledger.sh --derive v2-branches	V2_SHARE_MIN_MAX	reports/tr12/scan/v2_branches.tsv
TR12_V2_COST_LEVELS	top-level branches of SUPER	raw	distinct branch t-unit costs	scoped:n=31	measured	7	exact	reports/TR12_QUERY_PROGRAM.md:907	-	bash scripts/claim_ledger.sh --derive v2-branches	V2_COST_LEVELS	reports/tr12/scan/v2_branches.tsv
TR12_V2_LOG10_COST	top-level branches of SUPER	raw	log10 t-units, min and max	scoped:n=31	measured	37.94–38.27	range:2	reports/TR12_QUERY_PROGRAM.md:907	-	bash scripts/claim_ledger.sh --derive v2-branches	V2_LOG10_COST_MIN_MAX	reports/tr12/scan/v2_branches.tsv
TR12_V2_BRANCH_PAIRS	top-level branches of SUPER	raw	unordered branch pairs	scoped:n=31	measured	1,540	commas	reports/TR12_QUERY_PROGRAM.md:907	-	bash scripts/claim_ledger.sh --derive v2-branches	V2_BRANCH_PAIRS	reports/tr12/scan/v2_branches.tsv
TR12_V2_DISCORDANT	top-level branches of SUPER	raw	branch pairs with the smaller mass and the larger cost	scoped:n=31	measured	0	exact	reports/TR12_QUERY_PROGRAM.md:907	-	bash scripts/claim_ledger.sh --derive v2-branches	V2_DISCORDANT_PAIRS	reports/tr12/scan/v2_branches.tsv
TR12_V2_COST_PER_SOLUTION	top-level branches of SUPER	raw	t-units per solution, min and max	scoped:n=31	measured	7.65–8.20	range:2	reports/TR12_QUERY_PROGRAM.md:908	-	bash scripts/claim_ledger.sh --derive v2-branches	V2_COST_PER_SOLUTION_MIN_MAX	reports/tr12/scan/v2_branches.tsv
TR12_V5_D3_MIN_SHARE	SUPER = C1∩C2∩C4∩C5, n=31	raw	verdict token (d3's smallest per-layer share)	scoped:n=31	measured	D3_MIN_LAYER_SHARE=0.40687	kv	reports/TR12_QUERY_PROGRAM.md:926	-	python3 solve.py --atlas-probe runs/20260906_kc_ladders_n31/atlas_n31.json	D3_MIN_LAYER_SHARE	runs/20260906_kc_ladders_n31/atlas_n31.json
TR12_V5_ROWS	SUPER = C1∩C2∩C4∩C5, n=31	raw	cross-tab rows (layer x d x w, zero cells included)	scoped:n=31	measured	465	exact	reports/TR12_QUERY_PROGRAM.md:937	-	bash scripts/claim_ledger.sh --derive v5-grammar	V5_ROWS	reports/tr12/scan/v5_grammar.tsv
TR12_V5_FACTORISATION	SUPER = C1∩C2∩C4∩C5, n=31	raw	max |P(d,w|k) - P(d|k)P(w|k)| on layers 1-30	scoped:n=31	measured	0.0097	exact	reports/TR12_QUERY_PROGRAM.md:941	-	python3 solve.py --atlas-probe runs/20260906_kc_ladders_n31/atlas_n31.json	V5_FACTORISATION_MAX_DEV_K_GE_1	runs/20260906_kc_ladders_n31/atlas_n31.json
TR12_V5_NONZERO	SUPER = C1∩C2∩C4∩C5, n=31	raw	nonzero cross-tab cells	scoped:n=31	measured	422	exact	reports/TR12_QUERY_PROGRAM.md:947	-	bash scripts/claim_ledger.sh --derive v5-grammar	V5_NONZERO_CELLS	reports/tr12/scan/v5_grammar.tsv
TR12_V4_G_LAST	King Wen's walk within SUPER, n=31	raw	completions remaining after the last placement	scoped:n=31	measured	1	exact	reports/TR12_QUERY_PROGRAM.md:965	-	bash scripts/claim_ledger.sh --derive v4-profile	V4_G_AT_LAST_PLACEMENT	reports/tr12/q3_profile_kw.tsv
TR12_V4_SINGLE_ALT_BITS	King Wen's walk within SUPER, n=31	raw	bits at the step with one admissible alternative	scoped:n=31	measured	0	exact	reports/TR12_QUERY_PROGRAM.md:966	-	bash scripts/claim_ledger.sh --derive v4-profile	V4_BITS_AT_SINGLE_ALTERNATIVE	reports/tr12/q3_profile_kw.tsv
TR12_V3_POINTS	1000-point lattice on the REL rank of SUPER	raw	grid points	scoped:the 1000-point REL grid	measured	1000	exact	reports/TR12_QUERY_PROGRAM.md:982	-	bash scripts/claim_ledger.sh --derive v3-spectrum	V3_POINTS	reports/tr12/v3_spectrum.tsv
TR12_V3_MAX_ABS_R	1000-point lattice on the REL rank of SUPER	raw	|Pearson r| with rank, max over drawn observables (an upper bound at 3 dp)	scoped:the 1000-point REL grid	measured	0.073	ceil:3	reports/TR12_QUERY_PROGRAM.md:984	-	bash scripts/claim_ledger.sh --derive v3-spectrum	V3_MAX_ABS_R	reports/tr12/v3_spectrum.tsv
TR12_V3_DRAWN	1000-point lattice on the REL rank of SUPER	raw	non-constant battery observables	scoped:the 1000-point REL grid	measured	seven	word	reports/TR12_QUERY_PROGRAM.md:984	-	bash scripts/claim_ledger.sh --derive v3-spectrum	V3_OBSERVABLES_DRAWN	reports/tr12/v3_spectrum.tsv
TR12_V3_R_FFT	1000-point lattice on the REL rank of SUPER	raw	Pearson r of fft_dominant_freq with rank	scoped:the 1000-point REL grid	measured	−0.0724	round:4	reports/TR12_QUERY_PROGRAM.md:985	-	bash scripts/claim_ledger.sh --derive v3-spectrum	V3_R_FFT_DOMINANT_FREQ	reports/tr12/v3_spectrum.tsv
TR12_V3_C6C7_ZERO	1000-point lattice on the REL rank of SUPER	raw	grid points with c6_c7_count = 0	scoped:the 1000-point REL grid	measured	995	exact	reports/TR12_QUERY_PROGRAM.md:988	-	bash scripts/claim_ledger.sh --derive v3-spectrum	V3_C6_C7_ZERO_POINTS	reports/tr12/v3_spectrum.tsv
TR12_V3_FPD_2	1000-point lattice on the REL rank of SUPER	raw	grid points with first_position_deviation = 2	scoped:the 1000-point REL grid	measured	955	exact	reports/TR12_QUERY_PROGRAM.md:989	-	bash scripts/claim_ledger.sh --derive v3-spectrum	V3_FIRST_POSITION_DEVIATION_2_POINTS	reports/tr12/v3_spectrum.tsv
TR12_V3_FPD_3	1000-point lattice on the REL rank of SUPER	raw	grid points with first_position_deviation = 3	scoped:the 1000-point REL grid	measured	45	exact	reports/TR12_QUERY_PROGRAM.md:989	-	bash scripts/claim_ledger.sh --derive v3-spectrum	V3_FIRST_POSITION_DEVIATION_3_POINTS	reports/tr12/v3_spectrum.tsv
TR12_V3_FINAL_HEX_RUNS	1000-point lattice on the REL rank of SUPER	raw	contiguous runs of the walk's final hexagram	scoped:the 1000-point REL grid	measured	32	exact	reports/TR12_QUERY_PROGRAM.md:991	-	bash scripts/claim_ledger.sh --derive v3-spectrum	V3_FINAL_HEXAGRAM_RUNS	reports/tr12/v3_spectrum.tsv
TR12_V3_KW_C3	King Wen's walk within SUPER, n=31	raw	c3_total	universal	measured	776	exact	reports/TR12_QUERY_PROGRAM.md:1004	-	bash scripts/claim_ledger.sh --derive v3-spectrum	V3_KW_C3_TOTAL	reports/tr12/v3_spectrum.tsv
TR12_V3_C3_SPAN	1000-point lattice on the REL rank of SUPER	raw	c3_total, min and max over the grid	scoped:the 1000-point REL grid	measured	464–1576	range	reports/TR12_QUERY_PROGRAM.md:1005	-	bash scripts/claim_ledger.sh --derive v3-spectrum	V3_C3_TOTAL_MIN_MAX	reports/tr12/v3_spectrum.tsv
FC1_JF_PALACE_BELOW_GATE	the 8! = 40,320 palace orders of Jing Fang's world-stage palaces	none	palace orders	scoped:pilot null N=10^4, seed 42	measured	21,506	commas	documentation/CRITIQUE.md:432	-	python3 solve.py --r7-palace-sweep	ORDERS_BELOW_FC1_GATE_8	solve.py
FC1_JF_PALACE_AT_MAX	the 8! = 40,320 palace orders of Jing Fang's world-stage palaces	none	palace orders	scoped:pilot null N=10^4, seed 42	measured	4,348	commas	documentation/CRITIQUE.md:432	-	python3 solve.py --r7-palace-sweep	ORDERS_AT_CANONICAL_COUNT	solve.py
FC1_JF_DIFFWAVE_BELOW_GATE	the 1,152 palace orders that keep Jing Fang's diff-wave multiset	none	palace orders	scoped:pilot null N=10^4, seed 42	measured	114	exact	documentation/CRITIQUE.md:432	-	python3 solve.py --r7-palace-sweep	DIFFWAVE_ORDERS_BELOW_FC1_GATE_8	solve.py
C1_CONSTANTS_ORDERINGS	C1-valid orderings driven by --c1-constants-check (seed 944)	raw	orderings	scoped:seed 944	measured	5,455	commas	README.md:215	-	python3 solve.py --c1-constants-check	TOTAL_SEQUENCES	solve.py
